[0.288s] DEBUG:colcon:Command line arguments: ['/usr/bin/colcon', 'build', '--packages-up-to', 'xela_sparshskin_sim']
[0.288s] DEBUG:colcon:Parsed command line arguments: Namespace(log_base=None, log_level=None, verb_name='build', build_base='build', install_base='install', merge_install=False, symlink_install=False, test_result_base=None, continue_on_error=False, executor='parallel', parallel_workers=16, event_handlers=None, ignore_user_meta=False, metas=['./colcon.meta'], base_paths=['.'], packages_ignore=None, packages_ignore_regex=None, paths=None, packages_up_to=['xela_sparshskin_sim'], packages_up_to_regex=None, packages_above=None, packages_above_and_dependencies=None, packages_above_depth=None, packages_select_by_dep=None, packages_skip_by_dep=None, packages_skip_up_to=None, packages_select_build_failed=False, packages_skip_build_finished=False, packages_select_test_failures=False, packages_skip_test_passed=False, packages_select=None, packages_skip=None, packages_select_regex=None, packages_skip_regex=None, packages_start=None, packages_end=None, allow_overriding=[], cmake_args=None, cmake_target=None, cmake_target_skip_unavailable=False, cmake_clean_cache=False, cmake_clean_first=False, cmake_force_configure=False, ament_cmake_args=None, catkin_cmake_args=None, catkin_skip_building_tests=False, mixin_files=None, mixin=None, verb_parser=<colcon_mixin.mixin.mixin_argument.MixinArgumentDecorator object at 0x7378920c90c0>, verb_extension=<colcon_core.verb.build.BuildVerb object at 0x737892046770>, main=<bound method BuildVerb.main of <colcon_core.verb.build.BuildVerb object at 0x737892046770>>, mixin_verb=('build',))
[0.404s] Level 1:colcon.colcon_core.package_discovery:discover_packages(colcon_meta) check parameters
[0.404s] Level 1:colcon.colcon_core.package_discovery:discover_packages(recursive) check parameters
[0.404s] Level 1:colcon.colcon_core.package_discovery:discover_packages(ignore) check parameters
[0.404s] Level 1:colcon.colcon_core.package_discovery:discover_packages(path) check parameters
[0.404s] Level 1:colcon.colcon_core.package_discovery:discover_packages(colcon_meta) discover
[0.404s] Level 1:colcon.colcon_core.package_discovery:discover_packages(recursive) discover
[0.405s] INFO:colcon.colcon_core.package_discovery:Crawling recursively for packages in '/workspace/LeapXELA_Hardware_ws'
[0.405s] Level 1:colcon.colcon_core.package_identification:_identify(.) by extensions ['ignore', 'ignore_ament_install']
[0.405s] Level 1:colcon.colcon_core.package_identification:_identify(.) by extension 'ignore'
[0.405s] Level 1:colcon.colcon_core.package_identification:_identify(.) by extension 'ignore_ament_install'
[0.405s] Level 1:colcon.colcon_core.package_identification:_identify(.) by extensions ['colcon_pkg']
[0.405s] Level 1:colcon.colcon_core.package_identification:_identify(.) by extension 'colcon_pkg'
[0.405s] Level 1:colcon.colcon_core.package_identification:_identify(.) by extensions ['colcon_meta']
[0.405s] Level 1:colcon.colcon_core.package_identification:_identify(.) by extension 'colcon_meta'
[0.406s] Level 1:colcon.colcon_core.package_identification:_identify(.) by extensions ['ros']
[0.406s] Level 1:colcon.colcon_core.package_identification:_identify(.) by extension 'ros'
[0.463s] Level 1:colcon.colcon_core.package_identification:_identify(.) by extensions ['cmake', 'python']
[0.463s] Level 1:colcon.colcon_core.package_identification:_identify(.) by extension 'cmake'
[0.464s] Level 1:colcon.colcon_core.package_identification:_identify(.) by extension 'python'
[0.464s] Level 1:colcon.colcon_core.package_identification:_identify(.) by extensions ['python_setup_py']
[0.464s] Level 1:colcon.colcon_core.package_identification:_identify(.) by extension 'python_setup_py'
[0.464s] Level 1:colcon.colcon_core.package_identification:_identify(build) by extensions ['ignore', 'ignore_ament_install']
[0.464s] Level 1:colcon.colcon_core.package_identification:_identify(build) by extension 'ignore'
[0.464s] Level 1:colcon.colcon_core.package_identification:_identify(build) ignored
[0.465s] Level 1:colcon.colcon_core.package_identification:_identify(docker) by extensions ['ignore', 'ignore_ament_install']
[0.465s] Level 1:colcon.colcon_core.package_identification:_identify(docker) by extension 'ignore'
[0.465s] Level 1:colcon.colcon_core.package_identification:_identify(docker) by extension 'ignore_ament_install'
[0.465s] Level 1:colcon.colcon_core.package_identification:_identify(docker) by extensions ['colcon_pkg']
[0.465s] Level 1:colcon.colcon_core.package_identification:_identify(docker) by extension 'colcon_pkg'
[0.465s] Level 1:colcon.colcon_core.package_identification:_identify(docker) by extensions ['colcon_meta']
[0.465s] Level 1:colcon.colcon_core.package_identification:_identify(docker) by extension 'colcon_meta'
[0.465s] Level 1:colcon.colcon_core.package_identification:_identify(docker) by extensions ['ros']
[0.465s] Level 1:colcon.colcon_core.package_identification:_identify(docker) by extension 'ros'
[0.466s] Level 1:colcon.colcon_core.package_identification:_identify(docker) by extensions ['cmake', 'python']
[0.466s] Level 1:colcon.colcon_core.package_identification:_identify(docker) by extension 'cmake'
[0.466s] Level 1:colcon.colcon_core.package_identification:_identify(docker) by extension 'python'
[0.466s] Level 1:colcon.colcon_core.package_identification:_identify(docker) by extensions ['python_setup_py']
[0.466s] Level 1:colcon.colcon_core.package_identification:_identify(docker) by extension 'python_setup_py'
[0.466s] Level 1:colcon.colcon_core.package_identification:_identify(etc_xela) by extensions ['ignore', 'ignore_ament_install']
[0.466s] Level 1:colcon.colcon_core.package_identification:_identify(etc_xela) by extension 'ignore'
[0.466s] Level 1:colcon.colcon_core.package_identification:_identify(etc_xela) by extension 'ignore_ament_install'
[0.467s] Level 1:colcon.colcon_core.package_identification:_identify(etc_xela) by extensions ['colcon_pkg']
[0.467s] Level 1:colcon.colcon_core.package_identification:_identify(etc_xela) by extension 'colcon_pkg'
[0.467s] Level 1:colcon.colcon_core.package_identification:_identify(etc_xela) by extensions ['colcon_meta']
[0.467s] Level 1:colcon.colcon_core.package_identification:_identify(etc_xela) by extension 'colcon_meta'
[0.467s] Level 1:colcon.colcon_core.package_identification:_identify(etc_xela) by extensions ['ros']
[0.467s] Level 1:colcon.colcon_core.package_identification:_identify(etc_xela) by extension 'ros'
[0.467s] Level 1:colcon.colcon_core.package_identification:_identify(etc_xela) by extensions ['cmake', 'python']
[0.467s] Level 1:colcon.colcon_core.package_identification:_identify(etc_xela) by extension 'cmake'
[0.467s] Level 1:colcon.colcon_core.package_identification:_identify(etc_xela) by extension 'python'
[0.467s] Level 1:colcon.colcon_core.package_identification:_identify(etc_xela) by extensions ['python_setup_py']
[0.467s] Level 1:colcon.colcon_core.package_identification:_identify(etc_xela) by extension 'python_setup_py'
[0.467s] Level 1:colcon.colcon_core.package_identification:_identify(franka) by extensions ['ignore', 'ignore_ament_install']
[0.467s] Level 1:colcon.colcon_core.package_identification:_identify(franka) by extension 'ignore'
[0.467s] Level 1:colcon.colcon_core.package_identification:_identify(franka) by extension 'ignore_ament_install'
[0.468s] Level 1:colcon.colcon_core.package_identification:_identify(franka) by extensions ['colcon_pkg']
[0.468s] Level 1:colcon.colcon_core.package_identification:_identify(franka) by extension 'colcon_pkg'
[0.468s] Level 1:colcon.colcon_core.package_identification:_identify(franka) by extensions ['colcon_meta']
[0.468s] Level 1:colcon.colcon_core.package_identification:_identify(franka) by extension 'colcon_meta'
[0.468s] Level 1:colcon.colcon_core.package_identification:_identify(franka) by extensions ['ros']
[0.468s] Level 1:colcon.colcon_core.package_identification:_identify(franka) by extension 'ros'
[0.468s] Level 1:colcon.colcon_core.package_identification:_identify(franka) by extensions ['cmake', 'python']
[0.468s] Level 1:colcon.colcon_core.package_identification:_identify(franka) by extension 'cmake'
[0.468s] Level 1:colcon.colcon_core.package_identification:_identify(franka) by extension 'python'
[0.468s] Level 1:colcon.colcon_core.package_identification:_identify(franka) by extensions ['python_setup_py']
[0.468s] Level 1:colcon.colcon_core.package_identification:_identify(franka) by extension 'python_setup_py'
[0.468s] Level 1:colcon.colcon_core.package_identification:_identify(franka/libfranka) by extensions ['ignore', 'ignore_ament_install']
[0.468s] Level 1:colcon.colcon_core.package_identification:_identify(franka/libfranka) by extension 'ignore'
[0.469s] Level 1:colcon.colcon_core.package_identification:_identify(franka/libfranka) by extension 'ignore_ament_install'
[0.469s] Level 1:colcon.colcon_core.package_identification:_identify(franka/libfranka) by extensions ['colcon_pkg']
[0.469s] Level 1:colcon.colcon_core.package_identification:_identify(franka/libfranka) by extension 'colcon_pkg'
[0.469s] Level 1:colcon.colcon_core.package_identification:_identify(franka/libfranka) by extensions ['colcon_meta']
[0.469s] Level 1:colcon.colcon_core.package_identification:_identify(franka/libfranka) by extension 'colcon_meta'
[0.469s] Level 1:colcon.colcon_core.package_identification:_identify(franka/libfranka) by extensions ['ros']
[0.469s] Level 1:colcon.colcon_core.package_identification:_identify(franka/libfranka) by extension 'ros'
[0.469s] Level 1:colcon.colcon_core.package_identification:_identify(franka/libfranka) by extensions ['cmake', 'python']
[0.469s] Level 1:colcon.colcon_core.package_identification:_identify(franka/libfranka) by extension 'cmake'
[0.505s] Level 1:colcon.colcon_core.package_identification:_identify(franka/libfranka) by extension 'python'
[0.505s] DEBUG:colcon.colcon_core.package_identification:Package 'franka/libfranka' with type 'cmake' and name 'libfranka'
[0.505s] Level 1:colcon.colcon_core.package_identification:_identify(install) by extensions ['ignore', 'ignore_ament_install']
[0.505s] Level 1:colcon.colcon_core.package_identification:_identify(install) by extension 'ignore'
[0.505s] Level 1:colcon.colcon_core.package_identification:_identify(install) ignored
[0.505s] Level 1:colcon.colcon_core.package_identification:_identify(leapXela_pointcloud) by extensions ['ignore', 'ignore_ament_install']
[0.505s] Level 1:colcon.colcon_core.package_identification:_identify(leapXela_pointcloud) by extension 'ignore'
[0.506s] Level 1:colcon.colcon_core.package_identification:_identify(leapXela_pointcloud) by extension 'ignore_ament_install'
[0.506s] Level 1:colcon.colcon_core.package_identification:_identify(leapXela_pointcloud) by extensions ['colcon_pkg']
[0.506s] Level 1:colcon.colcon_core.package_identification:_identify(leapXela_pointcloud) by extension 'colcon_pkg'
[0.506s] Level 1:colcon.colcon_core.package_identification:_identify(leapXela_pointcloud) by extensions ['colcon_meta']
[0.506s] Level 1:colcon.colcon_core.package_identification:_identify(leapXela_pointcloud) by extension 'colcon_meta'
[0.506s] Level 1:colcon.colcon_core.package_identification:_identify(leapXela_pointcloud) by extensions ['ros']
[0.506s] Level 1:colcon.colcon_core.package_identification:_identify(leapXela_pointcloud) by extension 'ros'
[0.506s] Level 1:colcon.colcon_core.package_identification:_identify(leapXela_pointcloud) by extensions ['cmake', 'python']
[0.506s] Level 1:colcon.colcon_core.package_identification:_identify(leapXela_pointcloud) by extension 'cmake'
[0.506s] Level 1:colcon.colcon_core.package_identification:_identify(leapXela_pointcloud) by extension 'python'
[0.506s] Level 1:colcon.colcon_core.package_identification:_identify(leapXela_pointcloud) by extensions ['python_setup_py']
[0.506s] Level 1:colcon.colcon_core.package_identification:_identify(leapXela_pointcloud) by extension 'python_setup_py'
[0.506s] Level 1:colcon.colcon_core.package_identification:_identify(leapXela_pointcloud/assets) by extensions ['ignore', 'ignore_ament_install']
[0.507s] Level 1:colcon.colcon_core.package_identification:_identify(leapXela_pointcloud/assets) by extension 'ignore'
[0.507s] Level 1:colcon.colcon_core.package_identification:_identify(leapXela_pointcloud/assets) by extension 'ignore_ament_install'
[0.507s] Level 1:colcon.colcon_core.package_identification:_identify(leapXela_pointcloud/assets) by extensions ['colcon_pkg']
[0.507s] Level 1:colcon.colcon_core.package_identification:_identify(leapXela_pointcloud/assets) by extension 'colcon_pkg'
[0.507s] Level 1:colcon.colcon_core.package_identification:_identify(leapXela_pointcloud/assets) by extensions ['colcon_meta']
[0.507s] Level 1:colcon.colcon_core.package_identification:_identify(leapXela_pointcloud/assets) by extension 'colcon_meta'
[0.507s] Level 1:colcon.colcon_core.package_identification:_identify(leapXela_pointcloud/assets) by extensions ['ros']
[0.507s] Level 1:colcon.colcon_core.package_identification:_identify(leapXela_pointcloud/assets) by extension 'ros'
[0.507s] Level 1:colcon.colcon_core.package_identification:_identify(leapXela_pointcloud/assets) by extensions ['cmake', 'python']
[0.507s] Level 1:colcon.colcon_core.package_identification:_identify(leapXela_pointcloud/assets) by extension 'cmake'
[0.507s] Level 1:colcon.colcon_core.package_identification:_identify(leapXela_pointcloud/assets) by extension 'python'
[0.507s] Level 1:colcon.colcon_core.package_identification:_identify(leapXela_pointcloud/assets) by extensions ['python_setup_py']
[0.507s] Level 1:colcon.colcon_core.package_identification:_identify(leapXela_pointcloud/assets) by extension 'python_setup_py'
[0.507s] Level 1:colcon.colcon_core.package_identification:_identify(leapXela_ss) by extensions ['ignore', 'ignore_ament_install']
[0.508s] Level 1:colcon.colcon_core.package_identification:_identify(leapXela_ss) by extension 'ignore'
[0.508s] Level 1:colcon.colcon_core.package_identification:_identify(leapXela_ss) by extension 'ignore_ament_install'
[0.508s] Level 1:colcon.colcon_core.package_identification:_identify(leapXela_ss) by extensions ['colcon_pkg']
[0.508s] Level 1:colcon.colcon_core.package_identification:_identify(leapXela_ss) by extension 'colcon_pkg'
[0.508s] Level 1:colcon.colcon_core.package_identification:_identify(leapXela_ss) by extensions ['colcon_meta']
[0.508s] Level 1:colcon.colcon_core.package_identification:_identify(leapXela_ss) by extension 'colcon_meta'
[0.508s] Level 1:colcon.colcon_core.package_identification:_identify(leapXela_ss) by extensions ['ros']
[0.508s] Level 1:colcon.colcon_core.package_identification:_identify(leapXela_ss) by extension 'ros'
[0.508s] Level 1:colcon.colcon_core.package_identification:_identify(leapXela_ss) by extensions ['cmake', 'python']
[0.508s] Level 1:colcon.colcon_core.package_identification:_identify(leapXela_ss) by extension 'cmake'
[0.508s] Level 1:colcon.colcon_core.package_identification:_identify(leapXela_ss) by extension 'python'
[0.508s] Level 1:colcon.colcon_core.package_identification:_identify(leapXela_ss) by extensions ['python_setup_py']
[0.508s] Level 1:colcon.colcon_core.package_identification:_identify(leapXela_ss) by extension 'python_setup_py'
[0.509s] Level 1:colcon.colcon_core.package_identification:_identify(leapXela_ss/assets) by extensions ['ignore', 'ignore_ament_install']
[0.509s] Level 1:colcon.colcon_core.package_identification:_identify(leapXela_ss/assets) by extension 'ignore'
[0.509s] Level 1:colcon.colcon_core.package_identification:_identify(leapXela_ss/assets) by extension 'ignore_ament_install'
[0.509s] Level 1:colcon.colcon_core.package_identification:_identify(leapXela_ss/assets) by extensions ['colcon_pkg']
[0.509s] Level 1:colcon.colcon_core.package_identification:_identify(leapXela_ss/assets) by extension 'colcon_pkg'
[0.509s] Level 1:colcon.colcon_core.package_identification:_identify(leapXela_ss/assets) by extensions ['colcon_meta']
[0.509s] Level 1:colcon.colcon_core.package_identification:_identify(leapXela_ss/assets) by extension 'colcon_meta'
[0.509s] Level 1:colcon.colcon_core.package_identification:_identify(leapXela_ss/assets) by extensions ['ros']
[0.509s] Level 1:colcon.colcon_core.package_identification:_identify(leapXela_ss/assets) by extension 'ros'
[0.509s] Level 1:colcon.colcon_core.package_identification:_identify(leapXela_ss/assets) by extensions ['cmake', 'python']
[0.509s] Level 1:colcon.colcon_core.package_identification:_identify(leapXela_ss/assets) by extension 'cmake'
[0.509s] Level 1:colcon.colcon_core.package_identification:_identify(leapXela_ss/assets) by extension 'python'
[0.509s] Level 1:colcon.colcon_core.package_identification:_identify(leapXela_ss/assets) by extensions ['python_setup_py']
[0.509s] Level 1:colcon.colcon_core.package_identification:_identify(leapXela_ss/assets) by extension 'python_setup_py'
[0.510s] Level 1:colcon.colcon_core.package_identification:_identify(leapXela_with_4_4_markers) by extensions ['ignore', 'ignore_ament_install']
[0.510s] Level 1:colcon.colcon_core.package_identification:_identify(leapXela_with_4_4_markers) by extension 'ignore'
[0.510s] Level 1:colcon.colcon_core.package_identification:_identify(leapXela_with_4_4_markers) by extension 'ignore_ament_install'
[0.510s] Level 1:colcon.colcon_core.package_identification:_identify(leapXela_with_4_4_markers) by extensions ['colcon_pkg']
[0.510s] Level 1:colcon.colcon_core.package_identification:_identify(leapXela_with_4_4_markers) by extension 'colcon_pkg'
[0.510s] Level 1:colcon.colcon_core.package_identification:_identify(leapXela_with_4_4_markers) by extensions ['colcon_meta']
[0.510s] Level 1:colcon.colcon_core.package_identification:_identify(leapXela_with_4_4_markers) by extension 'colcon_meta'
[0.510s] Level 1:colcon.colcon_core.package_identification:_identify(leapXela_with_4_4_markers) by extensions ['ros']
[0.510s] Level 1:colcon.colcon_core.package_identification:_identify(leapXela_with_4_4_markers) by extension 'ros'
[0.510s] Level 1:colcon.colcon_core.package_identification:_identify(leapXela_with_4_4_markers) by extensions ['cmake', 'python']
[0.510s] Level 1:colcon.colcon_core.package_identification:_identify(leapXela_with_4_4_markers) by extension 'cmake'
[0.510s] Level 1:colcon.colcon_core.package_identification:_identify(leapXela_with_4_4_markers) by extension 'python'
[0.510s] Level 1:colcon.colcon_core.package_identification:_identify(leapXela_with_4_4_markers) by extensions ['python_setup_py']
[0.510s] Level 1:colcon.colcon_core.package_identification:_identify(leapXela_with_4_4_markers) by extension 'python_setup_py'
[0.510s] Level 1:colcon.colcon_core.package_identification:_identify(leapXela_with_4_4_markers/assets) by extensions ['ignore', 'ignore_ament_install']
[0.511s] Level 1:colcon.colcon_core.package_identification:_identify(leapXela_with_4_4_markers/assets) by extension 'ignore'
[0.511s] Level 1:colcon.colcon_core.package_identification:_identify(leapXela_with_4_4_markers/assets) by extension 'ignore_ament_install'
[0.511s] Level 1:colcon.colcon_core.package_identification:_identify(leapXela_with_4_4_markers/assets) by extensions ['colcon_pkg']
[0.511s] Level 1:colcon.colcon_core.package_identification:_identify(leapXela_with_4_4_markers/assets) by extension 'colcon_pkg'
[0.511s] Level 1:colcon.colcon_core.package_identification:_identify(leapXela_with_4_4_markers/assets) by extensions ['colcon_meta']
[0.511s] Level 1:colcon.colcon_core.package_identification:_identify(leapXela_with_4_4_markers/assets) by extension 'colcon_meta'
[0.511s] Level 1:colcon.colcon_core.package_identification:_identify(leapXela_with_4_4_markers/assets) by extensions ['ros']
[0.511s] Level 1:colcon.colcon_core.package_identification:_identify(leapXela_with_4_4_markers/assets) by extension 'ros'
[0.511s] Level 1:colcon.colcon_core.package_identification:_identify(leapXela_with_4_4_markers/assets) by extensions ['cmake', 'python']
[0.511s] Level 1:colcon.colcon_core.package_identification:_identify(leapXela_with_4_4_markers/assets) by extension 'cmake'
[0.511s] Level 1:colcon.colcon_core.package_identification:_identify(leapXela_with_4_4_markers/assets) by extension 'python'
[0.511s] Level 1:colcon.colcon_core.package_identification:_identify(leapXela_with_4_4_markers/assets) by extensions ['python_setup_py']
[0.511s] Level 1:colcon.colcon_core.package_identification:_identify(leapXela_with_4_4_markers/assets) by extension 'python_setup_py'
[0.511s] Level 1:colcon.colcon_core.package_identification:_identify(libfranka) by extensions ['ignore', 'ignore_ament_install']
[0.512s] Level 1:colcon.colcon_core.package_identification:_identify(libfranka) by extension 'ignore'
[0.512s] Level 1:colcon.colcon_core.package_identification:_identify(libfranka) by extension 'ignore_ament_install'
[0.512s] Level 1:colcon.colcon_core.package_identification:_identify(libfranka) by extensions ['colcon_pkg']
[0.512s] Level 1:colcon.colcon_core.package_identification:_identify(libfranka) by extension 'colcon_pkg'
[0.512s] Level 1:colcon.colcon_core.package_identification:_identify(libfranka) by extensions ['colcon_meta']
[0.512s] Level 1:colcon.colcon_core.package_identification:_identify(libfranka) by extension 'colcon_meta'
[0.512s] Level 1:colcon.colcon_core.package_identification:_identify(libfranka) by extensions ['ros']
[0.512s] Level 1:colcon.colcon_core.package_identification:_identify(libfranka) by extension 'ros'
[0.512s] Level 1:colcon.colcon_core.package_identification:_identify(libfranka) by extensions ['cmake', 'python']
[0.512s] Level 1:colcon.colcon_core.package_identification:_identify(libfranka) by extension 'cmake'
[0.550s] Level 1:colcon.colcon_core.package_identification:_identify(libfranka) by extension 'python'
[0.550s] DEBUG:colcon.colcon_core.package_identification:Package 'libfranka' with type 'cmake' and name 'libfranka'
[0.550s] Level 1:colcon.colcon_core.package_identification:_identify(log) by extensions ['ignore', 'ignore_ament_install']
[0.550s] Level 1:colcon.colcon_core.package_identification:_identify(log) by extension 'ignore'
[0.550s] Level 1:colcon.colcon_core.package_identification:_identify(log) ignored
[0.550s] Level 1:colcon.colcon_core.package_identification:_identify(mujoco_c_example) by extensions ['ignore', 'ignore_ament_install']
[0.551s] Level 1:colcon.colcon_core.package_identification:_identify(mujoco_c_example) by extension 'ignore'
[0.551s] Level 1:colcon.colcon_core.package_identification:_identify(mujoco_c_example) by extension 'ignore_ament_install'
[0.551s] Level 1:colcon.colcon_core.package_identification:_identify(mujoco_c_example) by extensions ['colcon_pkg']
[0.551s] Level 1:colcon.colcon_core.package_identification:_identify(mujoco_c_example) by extension 'colcon_pkg'
[0.551s] Level 1:colcon.colcon_core.package_identification:_identify(mujoco_c_example) by extensions ['colcon_meta']
[0.551s] Level 1:colcon.colcon_core.package_identification:_identify(mujoco_c_example) by extension 'colcon_meta'
[0.551s] Level 1:colcon.colcon_core.package_identification:_identify(mujoco_c_example) by extensions ['ros']
[0.551s] Level 1:colcon.colcon_core.package_identification:_identify(mujoco_c_example) by extension 'ros'
[0.551s] Level 1:colcon.colcon_core.package_identification:_identify(mujoco_c_example) by extensions ['cmake', 'python']
[0.551s] Level 1:colcon.colcon_core.package_identification:_identify(mujoco_c_example) by extension 'cmake'
[0.554s] Level 1:colcon.colcon_core.package_identification:_identify(mujoco_c_example) by extension 'python'
[0.554s] DEBUG:colcon.colcon_core.package_identification:Package 'mujoco_c_example' with type 'cmake' and name 'mujoco_c_example'
[0.554s] Level 1:colcon.colcon_core.package_identification:_identify(realsene) by extensions ['ignore', 'ignore_ament_install']
[0.554s] Level 1:colcon.colcon_core.package_identification:_identify(realsene) by extension 'ignore'
[0.555s] Level 1:colcon.colcon_core.package_identification:_identify(realsene) by extension 'ignore_ament_install'
[0.555s] Level 1:colcon.colcon_core.package_identification:_identify(realsene) by extensions ['colcon_pkg']
[0.555s] Level 1:colcon.colcon_core.package_identification:_identify(realsene) by extension 'colcon_pkg'
[0.555s] Level 1:colcon.colcon_core.package_identification:_identify(realsene) by extensions ['colcon_meta']
[0.555s] Level 1:colcon.colcon_core.package_identification:_identify(realsene) by extension 'colcon_meta'
[0.555s] Level 1:colcon.colcon_core.package_identification:_identify(realsene) by extensions ['ros']
[0.555s] Level 1:colcon.colcon_core.package_identification:_identify(realsene) by extension 'ros'
[0.555s] Level 1:colcon.colcon_core.package_identification:_identify(realsene) by extensions ['cmake', 'python']
[0.555s] Level 1:colcon.colcon_core.package_identification:_identify(realsene) by extension 'cmake'
[0.555s] Level 1:colcon.colcon_core.package_identification:_identify(realsene) by extension 'python'
[0.555s] Level 1:colcon.colcon_core.package_identification:_identify(realsene) by extensions ['python_setup_py']
[0.555s] Level 1:colcon.colcon_core.package_identification:_identify(realsene) by extension 'python_setup_py'
[0.555s] Level 1:colcon.colcon_core.package_identification:_identify(ros_ws) by extensions ['ignore', 'ignore_ament_install']
[0.555s] Level 1:colcon.colcon_core.package_identification:_identify(ros_ws) by extension 'ignore'
[0.556s] Level 1:colcon.colcon_core.package_identification:_identify(ros_ws) by extension 'ignore_ament_install'
[0.556s] Level 1:colcon.colcon_core.package_identification:_identify(ros_ws) by extensions ['colcon_pkg']
[0.556s] Level 1:colcon.colcon_core.package_identification:_identify(ros_ws) by extension 'colcon_pkg'
[0.556s] Level 1:colcon.colcon_core.package_identification:_identify(ros_ws) by extensions ['colcon_meta']
[0.556s] Level 1:colcon.colcon_core.package_identification:_identify(ros_ws) by extension 'colcon_meta'
[0.556s] Level 1:colcon.colcon_core.package_identification:_identify(ros_ws) by extensions ['ros']
[0.556s] Level 1:colcon.colcon_core.package_identification:_identify(ros_ws) by extension 'ros'
[0.556s] Level 1:colcon.colcon_core.package_identification:_identify(ros_ws) by extensions ['cmake', 'python']
[0.556s] Level 1:colcon.colcon_core.package_identification:_identify(ros_ws) by extension 'cmake'
[0.556s] Level 1:colcon.colcon_core.package_identification:_identify(ros_ws) by extension 'python'
[0.556s] Level 1:colcon.colcon_core.package_identification:_identify(ros_ws) by extensions ['python_setup_py']
[0.556s] Level 1:colcon.colcon_core.package_identification:_identify(ros_ws) by extension 'python_setup_py'
[0.556s] Level 1:colcon.colcon_core.package_identification:_identify(ros_ws/build) by extensions ['ignore', 'ignore_ament_install']
[0.556s] Level 1:colcon.colcon_core.package_identification:_identify(ros_ws/build) by extension 'ignore'
[0.557s] Level 1:colcon.colcon_core.package_identification:_identify(ros_ws/build) ignored
[0.557s] Level 1:colcon.colcon_core.package_identification:_identify(ros_ws/data) by extensions ['ignore', 'ignore_ament_install']
[0.557s] Level 1:colcon.colcon_core.package_identification:_identify(ros_ws/data) by extension 'ignore'
[0.557s] Level 1:colcon.colcon_core.package_identification:_identify(ros_ws/data) by extension 'ignore_ament_install'
[0.557s] Level 1:colcon.colcon_core.package_identification:_identify(ros_ws/data) by extensions ['colcon_pkg']
[0.557s] Level 1:colcon.colcon_core.package_identification:_identify(ros_ws/data) by extension 'colcon_pkg'
[0.557s] Level 1:colcon.colcon_core.package_identification:_identify(ros_ws/data) by extensions ['colcon_meta']
[0.557s] Level 1:colcon.colcon_core.package_identification:_identify(ros_ws/data) by extension 'colcon_meta'
[0.557s] Level 1:colcon.colcon_core.package_identification:_identify(ros_ws/data) by extensions ['ros']
[0.557s] Level 1:colcon.colcon_core.package_identification:_identify(ros_ws/data) by extension 'ros'
[0.557s] Level 1:colcon.colcon_core.package_identification:_identify(ros_ws/data) by extensions ['cmake', 'python']
[0.557s] Level 1:colcon.colcon_core.package_identification:_identify(ros_ws/data) by extension 'cmake'
[0.557s] Level 1:colcon.colcon_core.package_identification:_identify(ros_ws/data) by extension 'python'
[0.557s] Level 1:colcon.colcon_core.package_identification:_identify(ros_ws/data) by extensions ['python_setup_py']
[0.558s] Level 1:colcon.colcon_core.package_identification:_identify(ros_ws/data) by extension 'python_setup_py'
[0.558s] Level 1:colcon.colcon_core.package_identification:_identify(ros_ws/install) by extensions ['ignore', 'ignore_ament_install']
[0.558s] Level 1:colcon.colcon_core.package_identification:_identify(ros_ws/install) by extension 'ignore'
[0.558s] Level 1:colcon.colcon_core.package_identification:_identify(ros_ws/install) ignored
[0.558s] Level 1:colcon.colcon_core.package_identification:_identify(ros_ws/log) by extensions ['ignore', 'ignore_ament_install']
[0.558s] Level 1:colcon.colcon_core.package_identification:_identify(ros_ws/log) by extension 'ignore'
[0.558s] Level 1:colcon.colcon_core.package_identification:_identify(ros_ws/log) ignored
[0.558s] Level 1:colcon.colcon_core.package_identification:_identify(ros_ws/src) by extensions ['ignore', 'ignore_ament_install']
[0.558s] Level 1:colcon.colcon_core.package_identification:_identify(ros_ws/src) by extension 'ignore'
[0.559s] Level 1:colcon.colcon_core.package_identification:_identify(ros_ws/src) by extension 'ignore_ament_install'
[0.559s] Level 1:colcon.colcon_core.package_identification:_identify(ros_ws/src) by extensions ['colcon_pkg']
[0.559s] Level 1:colcon.colcon_core.package_identification:_identify(ros_ws/src) by extension 'colcon_pkg'
[0.559s] Level 1:colcon.colcon_core.package_identification:_identify(ros_ws/src) by extensions ['colcon_meta']
[0.559s] Level 1:colcon.colcon_core.package_identification:_identify(ros_ws/src) by extension 'colcon_meta'
[0.559s] Level 1:colcon.colcon_core.package_identification:_identify(ros_ws/src) by extensions ['ros']
[0.559s] Level 1:colcon.colcon_core.package_identification:_identify(ros_ws/src) by extension 'ros'
[0.559s] Level 1:colcon.colcon_core.package_identification:_identify(ros_ws/src) by extensions ['cmake', 'python']
[0.559s] Level 1:colcon.colcon_core.package_identification:_identify(ros_ws/src) by extension 'cmake'
[0.559s] Level 1:colcon.colcon_core.package_identification:_identify(ros_ws/src) by extension 'python'
[0.559s] Level 1:colcon.colcon_core.package_identification:_identify(ros_ws/src) by extensions ['python_setup_py']
[0.559s] Level 1:colcon.colcon_core.package_identification:_identify(ros_ws/src) by extension 'python_setup_py'
[0.559s] Level 1:colcon.colcon_core.package_identification:_identify(ros_ws/src/LEAP_Hand_API) by extensions ['ignore', 'ignore_ament_install']
[0.559s] Level 1:colcon.colcon_core.package_identification:_identify(ros_ws/src/LEAP_Hand_API) by extension 'ignore'
[0.560s] Level 1:colcon.colcon_core.package_identification:_identify(ros_ws/src/LEAP_Hand_API) by extension 'ignore_ament_install'
[0.560s] Level 1:colcon.colcon_core.package_identification:_identify(ros_ws/src/LEAP_Hand_API) by extensions ['colcon_pkg']
[0.560s] Level 1:colcon.colcon_core.package_identification:_identify(ros_ws/src/LEAP_Hand_API) by extension 'colcon_pkg'
[0.560s] Level 1:colcon.colcon_core.package_identification:_identify(ros_ws/src/LEAP_Hand_API) by extensions ['colcon_meta']
[0.560s] Level 1:colcon.colcon_core.package_identification:_identify(ros_ws/src/LEAP_Hand_API) by extension 'colcon_meta'
[0.560s] Level 1:colcon.colcon_core.package_identification:_identify(ros_ws/src/LEAP_Hand_API) by extensions ['ros']
[0.560s] Level 1:colcon.colcon_core.package_identification:_identify(ros_ws/src/LEAP_Hand_API) by extension 'ros'
[0.560s] Level 1:colcon.colcon_core.package_identification:_identify(ros_ws/src/LEAP_Hand_API) by extensions ['cmake', 'python']
[0.560s] Level 1:colcon.colcon_core.package_identification:_identify(ros_ws/src/LEAP_Hand_API) by extension 'cmake'
[0.560s] Level 1:colcon.colcon_core.package_identification:_identify(ros_ws/src/LEAP_Hand_API) by extension 'python'
[0.560s] Level 1:colcon.colcon_core.package_identification:_identify(ros_ws/src/LEAP_Hand_API) by extensions ['python_setup_py']
[0.560s] Level 1:colcon.colcon_core.package_identification:_identify(ros_ws/src/LEAP_Hand_API) by extension 'python_setup_py'
[0.560s] Level 1:colcon.colcon_core.package_identification:_identify(ros_ws/src/LEAP_Hand_API/python) by extensions ['ignore', 'ignore_ament_install']
[0.560s] Level 1:colcon.colcon_core.package_identification:_identify(ros_ws/src/LEAP_Hand_API/python) by extension 'ignore'
[0.561s] Level 1:colcon.colcon_core.package_identification:_identify(ros_ws/src/LEAP_Hand_API/python) by extension 'ignore_ament_install'
[0.561s] Level 1:colcon.colcon_core.package_identification:_identify(ros_ws/src/LEAP_Hand_API/python) by extensions ['colcon_pkg']
[0.561s] Level 1:colcon.colcon_core.package_identification:_identify(ros_ws/src/LEAP_Hand_API/python) by extension 'colcon_pkg'
[0.561s] Level 1:colcon.colcon_core.package_identification:_identify(ros_ws/src/LEAP_Hand_API/python) by extensions ['colcon_meta']
[0.561s] Level 1:colcon.colcon_core.package_identification:_identify(ros_ws/src/LEAP_Hand_API/python) by extension 'colcon_meta'
[0.561s] Level 1:colcon.colcon_core.package_identification:_identify(ros_ws/src/LEAP_Hand_API/python) by extensions ['ros']
[0.561s] Level 1:colcon.colcon_core.package_identification:_identify(ros_ws/src/LEAP_Hand_API/python) by extension 'ros'
[0.561s] Level 1:colcon.colcon_core.package_identification:_identify(ros_ws/src/LEAP_Hand_API/python) by extensions ['cmake', 'python']
[0.561s] Level 1:colcon.colcon_core.package_identification:_identify(ros_ws/src/LEAP_Hand_API/python) by extension 'cmake'
[0.561s] Level 1:colcon.colcon_core.package_identification:_identify(ros_ws/src/LEAP_Hand_API/python) by extension 'python'
[0.561s] Level 1:colcon.colcon_core.package_identification:_identify(ros_ws/src/LEAP_Hand_API/python) by extensions ['python_setup_py']
[0.561s] Level 1:colcon.colcon_core.package_identification:_identify(ros_ws/src/LEAP_Hand_API/python) by extension 'python_setup_py'
[0.561s] Level 1:colcon.colcon_core.package_identification:_identify(ros_ws/src/LEAP_Hand_API/python/__pycache__) by extensions ['ignore', 'ignore_ament_install']
[0.561s] Level 1:colcon.colcon_core.package_identification:_identify(ros_ws/src/LEAP_Hand_API/python/__pycache__) by extension 'ignore'
[0.562s] Level 1:colcon.colcon_core.package_identification:_identify(ros_ws/src/LEAP_Hand_API/python/__pycache__) by extension 'ignore_ament_install'
[0.562s] Level 1:colcon.colcon_core.package_identification:_identify(ros_ws/src/LEAP_Hand_API/python/__pycache__) by extensions ['colcon_pkg']
[0.562s] Level 1:colcon.colcon_core.package_identification:_identify(ros_ws/src/LEAP_Hand_API/python/__pycache__) by extension 'colcon_pkg'
[0.562s] Level 1:colcon.colcon_core.package_identification:_identify(ros_ws/src/LEAP_Hand_API/python/__pycache__) by extensions ['colcon_meta']
[0.562s] Level 1:colcon.colcon_core.package_identification:_identify(ros_ws/src/LEAP_Hand_API/python/__pycache__) by extension 'colcon_meta'
[0.562s] Level 1:colcon.colcon_core.package_identification:_identify(ros_ws/src/LEAP_Hand_API/python/__pycache__) by extensions ['ros']
[0.562s] Level 1:colcon.colcon_core.package_identification:_identify(ros_ws/src/LEAP_Hand_API/python/__pycache__) by extension 'ros'
[0.562s] Level 1:colcon.colcon_core.package_identification:_identify(ros_ws/src/LEAP_Hand_API/python/__pycache__) by extensions ['cmake', 'python']
[0.562s] Level 1:colcon.colcon_core.package_identification:_identify(ros_ws/src/LEAP_Hand_API/python/__pycache__) by extension 'cmake'
[0.562s] Level 1:colcon.colcon_core.package_identification:_identify(ros_ws/src/LEAP_Hand_API/python/__pycache__) by extension 'python'
[0.562s] Level 1:colcon.colcon_core.package_identification:_identify(ros_ws/src/LEAP_Hand_API/python/__pycache__) by extensions ['python_setup_py']
[0.562s] Level 1:colcon.colcon_core.package_identification:_identify(ros_ws/src/LEAP_Hand_API/python/__pycache__) by extension 'python_setup_py'
[0.562s] Level 1:colcon.colcon_core.package_identification:_identify(ros_ws/src/LEAP_Hand_API/python/leap_hand_utils) by extensions ['ignore', 'ignore_ament_install']
[0.562s] Level 1:colcon.colcon_core.package_identification:_identify(ros_ws/src/LEAP_Hand_API/python/leap_hand_utils) by extension 'ignore'
[0.562s] Level 1:colcon.colcon_core.package_identification:_identify(ros_ws/src/LEAP_Hand_API/python/leap_hand_utils) by extension 'ignore_ament_install'
[0.563s] Level 1:colcon.colcon_core.package_identification:_identify(ros_ws/src/LEAP_Hand_API/python/leap_hand_utils) by extensions ['colcon_pkg']
[0.563s] Level 1:colcon.colcon_core.package_identification:_identify(ros_ws/src/LEAP_Hand_API/python/leap_hand_utils) by extension 'colcon_pkg'
[0.563s] Level 1:colcon.colcon_core.package_identification:_identify(ros_ws/src/LEAP_Hand_API/python/leap_hand_utils) by extensions ['colcon_meta']
[0.563s] Level 1:colcon.colcon_core.package_identification:_identify(ros_ws/src/LEAP_Hand_API/python/leap_hand_utils) by extension 'colcon_meta'
[0.563s] Level 1:colcon.colcon_core.package_identification:_identify(ros_ws/src/LEAP_Hand_API/python/leap_hand_utils) by extensions ['ros']
[0.563s] Level 1:colcon.colcon_core.package_identification:_identify(ros_ws/src/LEAP_Hand_API/python/leap_hand_utils) by extension 'ros'
[0.563s] Level 1:colcon.colcon_core.package_identification:_identify(ros_ws/src/LEAP_Hand_API/python/leap_hand_utils) by extensions ['cmake', 'python']
[0.563s] Level 1:colcon.colcon_core.package_identification:_identify(ros_ws/src/LEAP_Hand_API/python/leap_hand_utils) by extension 'cmake'
[0.563s] Level 1:colcon.colcon_core.package_identification:_identify(ros_ws/src/LEAP_Hand_API/python/leap_hand_utils) by extension 'python'
[0.563s] Level 1:colcon.colcon_core.package_identification:_identify(ros_ws/src/LEAP_Hand_API/python/leap_hand_utils) by extensions ['python_setup_py']
[0.563s] Level 1:colcon.colcon_core.package_identification:_identify(ros_ws/src/LEAP_Hand_API/python/leap_hand_utils) by extension 'python_setup_py'
[0.563s] Level 1:colcon.colcon_core.package_identification:_identify(ros_ws/src/LEAP_Hand_API/python/leap_hand_utils/__pycache__) by extensions ['ignore', 'ignore_ament_install']
[0.563s] Level 1:colcon.colcon_core.package_identification:_identify(ros_ws/src/LEAP_Hand_API/python/leap_hand_utils/__pycache__) by extension 'ignore'
[0.563s] Level 1:colcon.colcon_core.package_identification:_identify(ros_ws/src/LEAP_Hand_API/python/leap_hand_utils/__pycache__) by extension 'ignore_ament_install'
[0.564s] Level 1:colcon.colcon_core.package_identification:_identify(ros_ws/src/LEAP_Hand_API/python/leap_hand_utils/__pycache__) by extensions ['colcon_pkg']
[0.564s] Level 1:colcon.colcon_core.package_identification:_identify(ros_ws/src/LEAP_Hand_API/python/leap_hand_utils/__pycache__) by extension 'colcon_pkg'
[0.564s] Level 1:colcon.colcon_core.package_identification:_identify(ros_ws/src/LEAP_Hand_API/python/leap_hand_utils/__pycache__) by extensions ['colcon_meta']
[0.564s] Level 1:colcon.colcon_core.package_identification:_identify(ros_ws/src/LEAP_Hand_API/python/leap_hand_utils/__pycache__) by extension 'colcon_meta'
[0.564s] Level 1:colcon.colcon_core.package_identification:_identify(ros_ws/src/LEAP_Hand_API/python/leap_hand_utils/__pycache__) by extensions ['ros']
[0.564s] Level 1:colcon.colcon_core.package_identification:_identify(ros_ws/src/LEAP_Hand_API/python/leap_hand_utils/__pycache__) by extension 'ros'
[0.564s] Level 1:colcon.colcon_core.package_identification:_identify(ros_ws/src/LEAP_Hand_API/python/leap_hand_utils/__pycache__) by extensions ['cmake', 'python']
[0.564s] Level 1:colcon.colcon_core.package_identification:_identify(ros_ws/src/LEAP_Hand_API/python/leap_hand_utils/__pycache__) by extension 'cmake'
[0.564s] Level 1:colcon.colcon_core.package_identification:_identify(ros_ws/src/LEAP_Hand_API/python/leap_hand_utils/__pycache__) by extension 'python'
[0.564s] Level 1:colcon.colcon_core.package_identification:_identify(ros_ws/src/LEAP_Hand_API/python/leap_hand_utils/__pycache__) by extensions ['python_setup_py']
[0.564s] Level 1:colcon.colcon_core.package_identification:_identify(ros_ws/src/LEAP_Hand_API/python/leap_hand_utils/__pycache__) by extension 'python_setup_py'
[0.564s] Level 1:colcon.colcon_core.package_identification:_identify(ros_ws/src/LEAP_Hand_API/ros2_module) by extensions ['ignore', 'ignore_ament_install']
[0.564s] Level 1:colcon.colcon_core.package_identification:_identify(ros_ws/src/LEAP_Hand_API/ros2_module) by extension 'ignore'
[0.564s] Level 1:colcon.colcon_core.package_identification:_identify(ros_ws/src/LEAP_Hand_API/ros2_module) by extension 'ignore_ament_install'
[0.565s] Level 1:colcon.colcon_core.package_identification:_identify(ros_ws/src/LEAP_Hand_API/ros2_module) by extensions ['colcon_pkg']
[0.565s] Level 1:colcon.colcon_core.package_identification:_identify(ros_ws/src/LEAP_Hand_API/ros2_module) by extension 'colcon_pkg'
[0.565s] Level 1:colcon.colcon_core.package_identification:_identify(ros_ws/src/LEAP_Hand_API/ros2_module) by extensions ['colcon_meta']
[0.565s] Level 1:colcon.colcon_core.package_identification:_identify(ros_ws/src/LEAP_Hand_API/ros2_module) by extension 'colcon_meta'
[0.565s] Level 1:colcon.colcon_core.package_identification:_identify(ros_ws/src/LEAP_Hand_API/ros2_module) by extensions ['ros']
[0.565s] Level 1:colcon.colcon_core.package_identification:_identify(ros_ws/src/LEAP_Hand_API/ros2_module) by extension 'ros'
[0.572s] DEBUG:colcon.colcon_core.package_identification:Package 'ros_ws/src/LEAP_Hand_API/ros2_module' with type 'ros.ament_cmake' and name 'leap_hand'
[0.572s] Level 1:colcon.colcon_core.package_identification:_identify(ros_ws/src/LEAP_Hand_API/useful_tools) by extensions ['ignore', 'ignore_ament_install']
[0.572s] Level 1:colcon.colcon_core.package_identification:_identify(ros_ws/src/LEAP_Hand_API/useful_tools) by extension 'ignore'
[0.572s] Level 1:colcon.colcon_core.package_identification:_identify(ros_ws/src/LEAP_Hand_API/useful_tools) by extension 'ignore_ament_install'
[0.572s] Level 1:colcon.colcon_core.package_identification:_identify(ros_ws/src/LEAP_Hand_API/useful_tools) by extensions ['colcon_pkg']
[0.572s] Level 1:colcon.colcon_core.package_identification:_identify(ros_ws/src/LEAP_Hand_API/useful_tools) by extension 'colcon_pkg'
[0.572s] Level 1:colcon.colcon_core.package_identification:_identify(ros_ws/src/LEAP_Hand_API/useful_tools) by extensions ['colcon_meta']
[0.572s] Level 1:colcon.colcon_core.package_identification:_identify(ros_ws/src/LEAP_Hand_API/useful_tools) by extension 'colcon_meta'
[0.572s] Level 1:colcon.colcon_core.package_identification:_identify(ros_ws/src/LEAP_Hand_API/useful_tools) by extensions ['ros']
[0.572s] Level 1:colcon.colcon_core.package_identification:_identify(ros_ws/src/LEAP_Hand_API/useful_tools) by extension 'ros'
[0.572s] Level 1:colcon.colcon_core.package_identification:_identify(ros_ws/src/LEAP_Hand_API/useful_tools) by extensions ['cmake', 'python']
[0.573s] Level 1:colcon.colcon_core.package_identification:_identify(ros_ws/src/LEAP_Hand_API/useful_tools) by extension 'cmake'
[0.573s] Level 1:colcon.colcon_core.package_identification:_identify(ros_ws/src/LEAP_Hand_API/useful_tools) by extension 'python'
[0.573s] Level 1:colcon.colcon_core.package_identification:_identify(ros_ws/src/LEAP_Hand_API/useful_tools) by extensions ['python_setup_py']
[0.573s] Level 1:colcon.colcon_core.package_identification:_identify(ros_ws/src/LEAP_Hand_API/useful_tools) by extension 'python_setup_py'
[0.573s] Level 1:colcon.colcon_core.package_identification:_identify(ros_ws/src/arm_server) by extensions ['ignore', 'ignore_ament_install']
[0.573s] Level 1:colcon.colcon_core.package_identification:_identify(ros_ws/src/arm_server) by extension 'ignore'
[0.573s] Level 1:colcon.colcon_core.package_identification:_identify(ros_ws/src/arm_server) by extension 'ignore_ament_install'
[0.573s] Level 1:colcon.colcon_core.package_identification:_identify(ros_ws/src/arm_server) by extensions ['colcon_pkg']
[0.573s] Level 1:colcon.colcon_core.package_identification:_identify(ros_ws/src/arm_server) by extension 'colcon_pkg'
[0.573s] Level 1:colcon.colcon_core.package_identification:_identify(ros_ws/src/arm_server) by extensions ['colcon_meta']
[0.573s] Level 1:colcon.colcon_core.package_identification:_identify(ros_ws/src/arm_server) by extension 'colcon_meta'
[0.573s] Level 1:colcon.colcon_core.package_identification:_identify(ros_ws/src/arm_server) by extensions ['ros']
[0.573s] Level 1:colcon.colcon_core.package_identification:_identify(ros_ws/src/arm_server) by extension 'ros'
[0.575s] DEBUG:colcon.colcon_core.package_identification:Package 'ros_ws/src/arm_server' with type 'ros.ament_cmake' and name 'arm_server'
[0.576s] Level 1:colcon.colcon_core.package_identification:_identify(ros_ws/src/build) by extensions ['ignore', 'ignore_ament_install']
[0.576s] Level 1:colcon.colcon_core.package_identification:_identify(ros_ws/src/build) by extension 'ignore'
[0.576s] Level 1:colcon.colcon_core.package_identification:_identify(ros_ws/src/build) ignored
[0.576s] Level 1:colcon.colcon_core.package_identification:_identify(ros_ws/src/hello) by extensions ['ignore', 'ignore_ament_install']
[0.576s] Level 1:colcon.colcon_core.package_identification:_identify(ros_ws/src/hello) by extension 'ignore'
[0.576s] Level 1:colcon.colcon_core.package_identification:_identify(ros_ws/src/hello) by extension 'ignore_ament_install'
[0.576s] Level 1:colcon.colcon_core.package_identification:_identify(ros_ws/src/hello) by extensions ['colcon_pkg']
[0.576s] Level 1:colcon.colcon_core.package_identification:_identify(ros_ws/src/hello) by extension 'colcon_pkg'
[0.576s] Level 1:colcon.colcon_core.package_identification:_identify(ros_ws/src/hello) by extensions ['colcon_meta']
[0.576s] Level 1:colcon.colcon_core.package_identification:_identify(ros_ws/src/hello) by extension 'colcon_meta'
[0.576s] Level 1:colcon.colcon_core.package_identification:_identify(ros_ws/src/hello) by extensions ['ros']
[0.576s] Level 1:colcon.colcon_core.package_identification:_identify(ros_ws/src/hello) by extension 'ros'
[0.578s] DEBUG:colcon.colcon_core.package_identification:Package 'ros_ws/src/hello' with type 'ros.ament_python' and name 'hello'
[0.578s] Level 1:colcon.colcon_core.package_identification:_identify(ros_ws/src/install) by extensions ['ignore', 'ignore_ament_install']
[0.578s] Level 1:colcon.colcon_core.package_identification:_identify(ros_ws/src/install) by extension 'ignore'
[0.578s] Level 1:colcon.colcon_core.package_identification:_identify(ros_ws/src/install) ignored
[0.578s] Level 1:colcon.colcon_core.package_identification:_identify(ros_ws/src/leap_description) by extensions ['ignore', 'ignore_ament_install']
[0.578s] Level 1:colcon.colcon_core.package_identification:_identify(ros_ws/src/leap_description) by extension 'ignore'
[0.578s] Level 1:colcon.colcon_core.package_identification:_identify(ros_ws/src/leap_description) by extension 'ignore_ament_install'
[0.578s] Level 1:colcon.colcon_core.package_identification:_identify(ros_ws/src/leap_description) by extensions ['colcon_pkg']
[0.578s] Level 1:colcon.colcon_core.package_identification:_identify(ros_ws/src/leap_description) by extension 'colcon_pkg'
[0.578s] Level 1:colcon.colcon_core.package_identification:_identify(ros_ws/src/leap_description) by extensions ['colcon_meta']
[0.578s] Level 1:colcon.colcon_core.package_identification:_identify(ros_ws/src/leap_description) by extension 'colcon_meta'
[0.579s] Level 1:colcon.colcon_core.package_identification:_identify(ros_ws/src/leap_description) by extensions ['ros']
[0.579s] Level 1:colcon.colcon_core.package_identification:_identify(ros_ws/src/leap_description) by extension 'ros'
[0.580s] DEBUG:colcon.colcon_core.package_identification:Package 'ros_ws/src/leap_description' with type 'ros.ament_python' and name 'leap_description'
[0.580s] Level 1:colcon.colcon_core.package_identification:_identify(ros_ws/src/leap_to_leapXela) by extensions ['ignore', 'ignore_ament_install']
[0.580s] Level 1:colcon.colcon_core.package_identification:_identify(ros_ws/src/leap_to_leapXela) by extension 'ignore'
[0.580s] Level 1:colcon.colcon_core.package_identification:_identify(ros_ws/src/leap_to_leapXela) by extension 'ignore_ament_install'
[0.580s] Level 1:colcon.colcon_core.package_identification:_identify(ros_ws/src/leap_to_leapXela) by extensions ['colcon_pkg']
[0.580s] Level 1:colcon.colcon_core.package_identification:_identify(ros_ws/src/leap_to_leapXela) by extension 'colcon_pkg'
[0.580s] Level 1:colcon.colcon_core.package_identification:_identify(ros_ws/src/leap_to_leapXela) by extensions ['colcon_meta']
[0.580s] Level 1:colcon.colcon_core.package_identification:_identify(ros_ws/src/leap_to_leapXela) by extension 'colcon_meta'
[0.580s] Level 1:colcon.colcon_core.package_identification:_identify(ros_ws/src/leap_to_leapXela) by extensions ['ros']
[0.580s] Level 1:colcon.colcon_core.package_identification:_identify(ros_ws/src/leap_to_leapXela) by extension 'ros'
[0.582s] DEBUG:colcon.colcon_core.package_identification:Package 'ros_ws/src/leap_to_leapXela' with type 'ros.ament_python' and name 'leap_to_leapXela'
[0.582s] Level 1:colcon.colcon_core.package_identification:_identify(ros_ws/src/log) by extensions ['ignore', 'ignore_ament_install']
[0.582s] Level 1:colcon.colcon_core.package_identification:_identify(ros_ws/src/log) by extension 'ignore'
[0.582s] Level 1:colcon.colcon_core.package_identification:_identify(ros_ws/src/log) ignored
[0.582s] Level 1:colcon.colcon_core.package_identification:_identify(ros_ws/src/multipanda_ros2) by extensions ['ignore', 'ignore_ament_install']
[0.583s] Level 1:colcon.colcon_core.package_identification:_identify(ros_ws/src/multipanda_ros2) by extension 'ignore'
[0.583s] Level 1:colcon.colcon_core.package_identification:_identify(ros_ws/src/multipanda_ros2) by extension 'ignore_ament_install'
[0.583s] Level 1:colcon.colcon_core.package_identification:_identify(ros_ws/src/multipanda_ros2) by extensions ['colcon_pkg']
[0.583s] Level 1:colcon.colcon_core.package_identification:_identify(ros_ws/src/multipanda_ros2) by extension 'colcon_pkg'
[0.583s] Level 1:colcon.colcon_core.package_identification:_identify(ros_ws/src/multipanda_ros2) by extensions ['colcon_meta']
[0.583s] Level 1:colcon.colcon_core.package_identification:_identify(ros_ws/src/multipanda_ros2) by extension 'colcon_meta'
[0.583s] Level 1:colcon.colcon_core.package_identification:_identify(ros_ws/src/multipanda_ros2) by extensions ['ros']
[0.583s] Level 1:colcon.colcon_core.package_identification:_identify(ros_ws/src/multipanda_ros2) by extension 'ros'
[0.583s] Level 1:colcon.colcon_core.package_identification:_identify(ros_ws/src/multipanda_ros2) by extensions ['cmake', 'python']
[0.583s] Level 1:colcon.colcon_core.package_identification:_identify(ros_ws/src/multipanda_ros2) by extension 'cmake'
[0.583s] Level 1:colcon.colcon_core.package_identification:_identify(ros_ws/src/multipanda_ros2) by extension 'python'
[0.583s] Level 1:colcon.colcon_core.package_identification:_identify(ros_ws/src/multipanda_ros2) by extensions ['python_setup_py']
[0.583s] Level 1:colcon.colcon_core.package_identification:_identify(ros_ws/src/multipanda_ros2) by extension 'python_setup_py'
[0.583s] Level 1:colcon.colcon_core.package_identification:_identify(ros_ws/src/multipanda_ros2/docs) by extensions ['ignore', 'ignore_ament_install']
[0.584s] Level 1:colcon.colcon_core.package_identification:_identify(ros_ws/src/multipanda_ros2/docs) by extension 'ignore'
[0.584s] Level 1:colcon.colcon_core.package_identification:_identify(ros_ws/src/multipanda_ros2/docs) by extension 'ignore_ament_install'
[0.584s] Level 1:colcon.colcon_core.package_identification:_identify(ros_ws/src/multipanda_ros2/docs) by extensions ['colcon_pkg']
[0.584s] Level 1:colcon.colcon_core.package_identification:_identify(ros_ws/src/multipanda_ros2/docs) by extension 'colcon_pkg'
[0.584s] Level 1:colcon.colcon_core.package_identification:_identify(ros_ws/src/multipanda_ros2/docs) by extensions ['colcon_meta']
[0.584s] Level 1:colcon.colcon_core.package_identification:_identify(ros_ws/src/multipanda_ros2/docs) by extension 'colcon_meta'
[0.584s] Level 1:colcon.colcon_core.package_identification:_identify(ros_ws/src/multipanda_ros2/docs) by extensions ['ros']
[0.584s] Level 1:colcon.colcon_core.package_identification:_identify(ros_ws/src/multipanda_ros2/docs) by extension 'ros'
[0.584s] Level 1:colcon.colcon_core.package_identification:_identify(ros_ws/src/multipanda_ros2/docs) by extensions ['cmake', 'python']
[0.584s] Level 1:colcon.colcon_core.package_identification:_identify(ros_ws/src/multipanda_ros2/docs) by extension 'cmake'
[0.584s] Level 1:colcon.colcon_core.package_identification:_identify(ros_ws/src/multipanda_ros2/docs) by extension 'python'
[0.584s] Level 1:colcon.colcon_core.package_identification:_identify(ros_ws/src/multipanda_ros2/docs) by extensions ['python_setup_py']
[0.584s] Level 1:colcon.colcon_core.package_identification:_identify(ros_ws/src/multipanda_ros2/docs) by extension 'python_setup_py'
[0.585s] Level 1:colcon.colcon_core.package_identification:_identify(ros_ws/src/multipanda_ros2/docs/chapters) by extensions ['ignore', 'ignore_ament_install']
[0.585s] Level 1:colcon.colcon_core.package_identification:_identify(ros_ws/src/multipanda_ros2/docs/chapters) by extension 'ignore'
[0.585s] Level 1:colcon.colcon_core.package_identification:_identify(ros_ws/src/multipanda_ros2/docs/chapters) by extension 'ignore_ament_install'
[0.585s] Level 1:colcon.colcon_core.package_identification:_identify(ros_ws/src/multipanda_ros2/docs/chapters) by extensions ['colcon_pkg']
[0.585s] Level 1:colcon.colcon_core.package_identification:_identify(ros_ws/src/multipanda_ros2/docs/chapters) by extension 'colcon_pkg'
[0.585s] Level 1:colcon.colcon_core.package_identification:_identify(ros_ws/src/multipanda_ros2/docs/chapters) by extensions ['colcon_meta']
[0.585s] Level 1:colcon.colcon_core.package_identification:_identify(ros_ws/src/multipanda_ros2/docs/chapters) by extension 'colcon_meta'
[0.585s] Level 1:colcon.colcon_core.package_identification:_identify(ros_ws/src/multipanda_ros2/docs/chapters) by extensions ['ros']
[0.585s] Level 1:colcon.colcon_core.package_identification:_identify(ros_ws/src/multipanda_ros2/docs/chapters) by extension 'ros'
[0.585s] Level 1:colcon.colcon_core.package_identification:_identify(ros_ws/src/multipanda_ros2/docs/chapters) by extensions ['cmake', 'python']
[0.585s] Level 1:colcon.colcon_core.package_identification:_identify(ros_ws/src/multipanda_ros2/docs/chapters) by extension 'cmake'
[0.585s] Level 1:colcon.colcon_core.package_identification:_identify(ros_ws/src/multipanda_ros2/docs/chapters) by extension 'python'
[0.585s] Level 1:colcon.colcon_core.package_identification:_identify(ros_ws/src/multipanda_ros2/docs/chapters) by extensions ['python_setup_py']
[0.585s] Level 1:colcon.colcon_core.package_identification:_identify(ros_ws/src/multipanda_ros2/docs/chapters) by extension 'python_setup_py'
[0.586s] Level 1:colcon.colcon_core.package_identification:_identify(ros_ws/src/multipanda_ros2/docs/example_scripts) by extensions ['ignore', 'ignore_ament_install']
[0.586s] Level 1:colcon.colcon_core.package_identification:_identify(ros_ws/src/multipanda_ros2/docs/example_scripts) by extension 'ignore'
[0.586s] Level 1:colcon.colcon_core.package_identification:_identify(ros_ws/src/multipanda_ros2/docs/example_scripts) by extension 'ignore_ament_install'
[0.586s] Level 1:colcon.colcon_core.package_identification:_identify(ros_ws/src/multipanda_ros2/docs/example_scripts) by extensions ['colcon_pkg']
[0.586s] Level 1:colcon.colcon_core.package_identification:_identify(ros_ws/src/multipanda_ros2/docs/example_scripts) by extension 'colcon_pkg'
[0.586s] Level 1:colcon.colcon_core.package_identification:_identify(ros_ws/src/multipanda_ros2/docs/example_scripts) by extensions ['colcon_meta']
[0.586s] Level 1:colcon.colcon_core.package_identification:_identify(ros_ws/src/multipanda_ros2/docs/example_scripts) by extension 'colcon_meta'
[0.586s] Level 1:colcon.colcon_core.package_identification:_identify(ros_ws/src/multipanda_ros2/docs/example_scripts) by extensions ['ros']
[0.586s] Level 1:colcon.colcon_core.package_identification:_identify(ros_ws/src/multipanda_ros2/docs/example_scripts) by extension 'ros'
[0.586s] Level 1:colcon.colcon_core.package_identification:_identify(ros_ws/src/multipanda_ros2/docs/example_scripts) by extensions ['cmake', 'python']
[0.586s] Level 1:colcon.colcon_core.package_identification:_identify(ros_ws/src/multipanda_ros2/docs/example_scripts) by extension 'cmake'
[0.586s] Level 1:colcon.colcon_core.package_identification:_identify(ros_ws/src/multipanda_ros2/docs/example_scripts) by extension 'python'
[0.586s] Level 1:colcon.colcon_core.package_identification:_identify(ros_ws/src/multipanda_ros2/docs/example_scripts) by extensions ['python_setup_py']
[0.586s] Level 1:colcon.colcon_core.package_identification:_identify(ros_ws/src/multipanda_ros2/docs/example_scripts) by extension 'python_setup_py'
[0.587s] Level 1:colcon.colcon_core.package_identification:_identify(ros_ws/src/multipanda_ros2/docs/images) by extensions ['ignore', 'ignore_ament_install']
[0.587s] Level 1:colcon.colcon_core.package_identification:_identify(ros_ws/src/multipanda_ros2/docs/images) by extension 'ignore'
[0.587s] Level 1:colcon.colcon_core.package_identification:_identify(ros_ws/src/multipanda_ros2/docs/images) by extension 'ignore_ament_install'
[0.587s] Level 1:colcon.colcon_core.package_identification:_identify(ros_ws/src/multipanda_ros2/docs/images) by extensions ['colcon_pkg']
[0.587s] Level 1:colcon.colcon_core.package_identification:_identify(ros_ws/src/multipanda_ros2/docs/images) by extension 'colcon_pkg'
[0.587s] Level 1:colcon.colcon_core.package_identification:_identify(ros_ws/src/multipanda_ros2/docs/images) by extensions ['colcon_meta']
[0.587s] Level 1:colcon.colcon_core.package_identification:_identify(ros_ws/src/multipanda_ros2/docs/images) by extension 'colcon_meta'
[0.587s] Level 1:colcon.colcon_core.package_identification:_identify(ros_ws/src/multipanda_ros2/docs/images) by extensions ['ros']
[0.587s] Level 1:colcon.colcon_core.package_identification:_identify(ros_ws/src/multipanda_ros2/docs/images) by extension 'ros'
[0.587s] Level 1:colcon.colcon_core.package_identification:_identify(ros_ws/src/multipanda_ros2/docs/images) by extensions ['cmake', 'python']
[0.587s] Level 1:colcon.colcon_core.package_identification:_identify(ros_ws/src/multipanda_ros2/docs/images) by extension 'cmake'
[0.587s] Level 1:colcon.colcon_core.package_identification:_identify(ros_ws/src/multipanda_ros2/docs/images) by extension 'python'
[0.587s] Level 1:colcon.colcon_core.package_identification:_identify(ros_ws/src/multipanda_ros2/docs/images) by extensions ['python_setup_py']
[0.587s] Level 1:colcon.colcon_core.package_identification:_identify(ros_ws/src/multipanda_ros2/docs/images) by extension 'python_setup_py'
[0.587s] Level 1:colcon.colcon_core.package_identification:_identify(ros_ws/src/multipanda_ros2/franka_bringup) by extensions ['ignore', 'ignore_ament_install']
[0.588s] Level 1:colcon.colcon_core.package_identification:_identify(ros_ws/src/multipanda_ros2/franka_bringup) by extension 'ignore'
[0.588s] Level 1:colcon.colcon_core.package_identification:_identify(ros_ws/src/multipanda_ros2/franka_bringup) by extension 'ignore_ament_install'
[0.588s] Level 1:colcon.colcon_core.package_identification:_identify(ros_ws/src/multipanda_ros2/franka_bringup) by extensions ['colcon_pkg']
[0.588s] Level 1:colcon.colcon_core.package_identification:_identify(ros_ws/src/multipanda_ros2/franka_bringup) by extension 'colcon_pkg'
[0.588s] Level 1:colcon.colcon_core.package_identification:_identify(ros_ws/src/multipanda_ros2/franka_bringup) by extensions ['colcon_meta']
[0.588s] Level 1:colcon.colcon_core.package_identification:_identify(ros_ws/src/multipanda_ros2/franka_bringup) by extension 'colcon_meta'
[0.588s] Level 1:colcon.colcon_core.package_identification:_identify(ros_ws/src/multipanda_ros2/franka_bringup) by extensions ['ros']
[0.588s] Level 1:colcon.colcon_core.package_identification:_identify(ros_ws/src/multipanda_ros2/franka_bringup) by extension 'ros'
[0.589s] DEBUG:colcon.colcon_core.package_identification:Package 'ros_ws/src/multipanda_ros2/franka_bringup' with type 'ros.ament_cmake' and name 'franka_bringup'
[0.589s] Level 1:colcon.colcon_core.package_identification:_identify(ros_ws/src/multipanda_ros2/franka_control2) by extensions ['ignore', 'ignore_ament_install']
[0.589s] Level 1:colcon.colcon_core.package_identification:_identify(ros_ws/src/multipanda_ros2/franka_control2) by extension 'ignore'
[0.590s] Level 1:colcon.colcon_core.package_identification:_identify(ros_ws/src/multipanda_ros2/franka_control2) by extension 'ignore_ament_install'
[0.590s] Level 1:colcon.colcon_core.package_identification:_identify(ros_ws/src/multipanda_ros2/franka_control2) by extensions ['colcon_pkg']
[0.590s] Level 1:colcon.colcon_core.package_identification:_identify(ros_ws/src/multipanda_ros2/franka_control2) by extension 'colcon_pkg'
[0.590s] Level 1:colcon.colcon_core.package_identification:_identify(ros_ws/src/multipanda_ros2/franka_control2) by extensions ['colcon_meta']
[0.590s] Level 1:colcon.colcon_core.package_identification:_identify(ros_ws/src/multipanda_ros2/franka_control2) by extension 'colcon_meta'
[0.590s] Level 1:colcon.colcon_core.package_identification:_identify(ros_ws/src/multipanda_ros2/franka_control2) by extensions ['ros']
[0.590s] Level 1:colcon.colcon_core.package_identification:_identify(ros_ws/src/multipanda_ros2/franka_control2) by extension 'ros'
[0.593s] DEBUG:colcon.colcon_core.package_identification:Package 'ros_ws/src/multipanda_ros2/franka_control2' with type 'ros.ament_cmake' and name 'franka_control2'
[0.593s] Level 1:colcon.colcon_core.package_identification:_identify(ros_ws/src/multipanda_ros2/franka_description) by extensions ['ignore', 'ignore_ament_install']
[0.593s] Level 1:colcon.colcon_core.package_identification:_identify(ros_ws/src/multipanda_ros2/franka_description) by extension 'ignore'
[0.593s] Level 1:colcon.colcon_core.package_identification:_identify(ros_ws/src/multipanda_ros2/franka_description) by extension 'ignore_ament_install'
[0.593s] Level 1:colcon.colcon_core.package_identification:_identify(ros_ws/src/multipanda_ros2/franka_description) by extensions ['colcon_pkg']
[0.593s] Level 1:colcon.colcon_core.package_identification:_identify(ros_ws/src/multipanda_ros2/franka_description) by extension 'colcon_pkg'
[0.594s] Level 1:colcon.colcon_core.package_identification:_identify(ros_ws/src/multipanda_ros2/franka_description) by extensions ['colcon_meta']
[0.594s] Level 1:colcon.colcon_core.package_identification:_identify(ros_ws/src/multipanda_ros2/franka_description) by extension 'colcon_meta'
[0.594s] Level 1:colcon.colcon_core.package_identification:_identify(ros_ws/src/multipanda_ros2/franka_description) by extensions ['ros']
[0.594s] Level 1:colcon.colcon_core.package_identification:_identify(ros_ws/src/multipanda_ros2/franka_description) by extension 'ros'
[0.595s] DEBUG:colcon.colcon_core.package_identification:Package 'ros_ws/src/multipanda_ros2/franka_description' with type 'ros.ament_cmake' and name 'franka_description'
[0.595s] Level 1:colcon.colcon_core.package_identification:_identify(ros_ws/src/multipanda_ros2/franka_example_controllers) by extensions ['ignore', 'ignore_ament_install']
[0.595s] Level 1:colcon.colcon_core.package_identification:_identify(ros_ws/src/multipanda_ros2/franka_example_controllers) by extension 'ignore'
[0.595s] Level 1:colcon.colcon_core.package_identification:_identify(ros_ws/src/multipanda_ros2/franka_example_controllers) by extension 'ignore_ament_install'
[0.595s] Level 1:colcon.colcon_core.package_identification:_identify(ros_ws/src/multipanda_ros2/franka_example_controllers) by extensions ['colcon_pkg']
[0.595s] Level 1:colcon.colcon_core.package_identification:_identify(ros_ws/src/multipanda_ros2/franka_example_controllers) by extension 'colcon_pkg'
[0.595s] Level 1:colcon.colcon_core.package_identification:_identify(ros_ws/src/multipanda_ros2/franka_example_controllers) by extensions ['colcon_meta']
[0.595s] Level 1:colcon.colcon_core.package_identification:_identify(ros_ws/src/multipanda_ros2/franka_example_controllers) by extension 'colcon_meta'
[0.595s] Level 1:colcon.colcon_core.package_identification:_identify(ros_ws/src/multipanda_ros2/franka_example_controllers) by extensions ['ros']
[0.596s] Level 1:colcon.colcon_core.package_identification:_identify(ros_ws/src/multipanda_ros2/franka_example_controllers) by extension 'ros'
[0.597s] DEBUG:colcon.colcon_core.package_identification:Package 'ros_ws/src/multipanda_ros2/franka_example_controllers' with type 'ros.ament_cmake' and name 'franka_example_controllers'
[0.598s] Level 1:colcon.colcon_core.package_identification:_identify(ros_ws/src/multipanda_ros2/franka_gripper) by extensions ['ignore', 'ignore_ament_install']
[0.598s] Level 1:colcon.colcon_core.package_identification:_identify(ros_ws/src/multipanda_ros2/franka_gripper) by extension 'ignore'
[0.598s] Level 1:colcon.colcon_core.package_identification:_identify(ros_ws/src/multipanda_ros2/franka_gripper) by extension 'ignore_ament_install'
[0.598s] Level 1:colcon.colcon_core.package_identification:_identify(ros_ws/src/multipanda_ros2/franka_gripper) by extensions ['colcon_pkg']
[0.598s] Level 1:colcon.colcon_core.package_identification:_identify(ros_ws/src/multipanda_ros2/franka_gripper) by extension 'colcon_pkg'
[0.598s] Level 1:colcon.colcon_core.package_identification:_identify(ros_ws/src/multipanda_ros2/franka_gripper) by extensions ['colcon_meta']
[0.598s] Level 1:colcon.colcon_core.package_identification:_identify(ros_ws/src/multipanda_ros2/franka_gripper) by extension 'colcon_meta'
[0.598s] Level 1:colcon.colcon_core.package_identification:_identify(ros_ws/src/multipanda_ros2/franka_gripper) by extensions ['ros']
[0.598s] Level 1:colcon.colcon_core.package_identification:_identify(ros_ws/src/multipanda_ros2/franka_gripper) by extension 'ros'
[0.600s] DEBUG:colcon.colcon_core.package_identification:Package 'ros_ws/src/multipanda_ros2/franka_gripper' with type 'ros.ament_cmake' and name 'franka_gripper'
[0.600s] Level 1:colcon.colcon_core.package_identification:_identify(ros_ws/src/multipanda_ros2/franka_hardware) by extensions ['ignore', 'ignore_ament_install']
[0.600s] Level 1:colcon.colcon_core.package_identification:_identify(ros_ws/src/multipanda_ros2/franka_hardware) by extension 'ignore'
[0.600s] Level 1:colcon.colcon_core.package_identification:_identify(ros_ws/src/multipanda_ros2/franka_hardware) by extension 'ignore_ament_install'
[0.601s] Level 1:colcon.colcon_core.package_identification:_identify(ros_ws/src/multipanda_ros2/franka_hardware) by extensions ['colcon_pkg']
[0.601s] Level 1:colcon.colcon_core.package_identification:_identify(ros_ws/src/multipanda_ros2/franka_hardware) by extension 'colcon_pkg'
[0.601s] Level 1:colcon.colcon_core.package_identification:_identify(ros_ws/src/multipanda_ros2/franka_hardware) by extensions ['colcon_meta']
[0.601s] Level 1:colcon.colcon_core.package_identification:_identify(ros_ws/src/multipanda_ros2/franka_hardware) by extension 'colcon_meta'
[0.601s] Level 1:colcon.colcon_core.package_identification:_identify(ros_ws/src/multipanda_ros2/franka_hardware) by extensions ['ros']
[0.601s] Level 1:colcon.colcon_core.package_identification:_identify(ros_ws/src/multipanda_ros2/franka_hardware) by extension 'ros'
[0.602s] DEBUG:colcon.colcon_core.package_identification:Package 'ros_ws/src/multipanda_ros2/franka_hardware' with type 'ros.ament_cmake' and name 'franka_hardware'
[0.602s] Level 1:colcon.colcon_core.package_identification:_identify(ros_ws/src/multipanda_ros2/franka_moveit_config) by extensions ['ignore', 'ignore_ament_install']
[0.603s] Level 1:colcon.colcon_core.package_identification:_identify(ros_ws/src/multipanda_ros2/franka_moveit_config) by extension 'ignore'
[0.603s] Level 1:colcon.colcon_core.package_identification:_identify(ros_ws/src/multipanda_ros2/franka_moveit_config) by extension 'ignore_ament_install'
[0.603s] Level 1:colcon.colcon_core.package_identification:_identify(ros_ws/src/multipanda_ros2/franka_moveit_config) by extensions ['colcon_pkg']
[0.603s] Level 1:colcon.colcon_core.package_identification:_identify(ros_ws/src/multipanda_ros2/franka_moveit_config) by extension 'colcon_pkg'
[0.603s] Level 1:colcon.colcon_core.package_identification:_identify(ros_ws/src/multipanda_ros2/franka_moveit_config) by extensions ['colcon_meta']
[0.603s] Level 1:colcon.colcon_core.package_identification:_identify(ros_ws/src/multipanda_ros2/franka_moveit_config) by extension 'colcon_meta'
[0.603s] Level 1:colcon.colcon_core.package_identification:_identify(ros_ws/src/multipanda_ros2/franka_moveit_config) by extensions ['ros']
[0.603s] Level 1:colcon.colcon_core.package_identification:_identify(ros_ws/src/multipanda_ros2/franka_moveit_config) by extension 'ros'
[0.604s] DEBUG:colcon.colcon_core.package_identification:Package 'ros_ws/src/multipanda_ros2/franka_moveit_config' with type 'ros.ament_cmake' and name 'franka_moveit_config'
[0.604s] Level 1:colcon.colcon_core.package_identification:_identify(ros_ws/src/multipanda_ros2/franka_msgs) by extensions ['ignore', 'ignore_ament_install']
[0.605s] Level 1:colcon.colcon_core.package_identification:_identify(ros_ws/src/multipanda_ros2/franka_msgs) by extension 'ignore'
[0.605s] Level 1:colcon.colcon_core.package_identification:_identify(ros_ws/src/multipanda_ros2/franka_msgs) by extension 'ignore_ament_install'
[0.605s] Level 1:colcon.colcon_core.package_identification:_identify(ros_ws/src/multipanda_ros2/franka_msgs) by extensions ['colcon_pkg']
[0.605s] Level 1:colcon.colcon_core.package_identification:_identify(ros_ws/src/multipanda_ros2/franka_msgs) by extension 'colcon_pkg'
[0.605s] Level 1:colcon.colcon_core.package_identification:_identify(ros_ws/src/multipanda_ros2/franka_msgs) by extensions ['colcon_meta']
[0.605s] Level 1:colcon.colcon_core.package_identification:_identify(ros_ws/src/multipanda_ros2/franka_msgs) by extension 'colcon_meta'
[0.605s] Level 1:colcon.colcon_core.package_identification:_identify(ros_ws/src/multipanda_ros2/franka_msgs) by extensions ['ros']
[0.605s] Level 1:colcon.colcon_core.package_identification:_identify(ros_ws/src/multipanda_ros2/franka_msgs) by extension 'ros'
[0.608s] DEBUG:colcon.colcon_core.package_identification:Package 'ros_ws/src/multipanda_ros2/franka_msgs' with type 'ros.ament_cmake' and name 'franka_msgs'
[0.608s] Level 1:colcon.colcon_core.package_identification:_identify(ros_ws/src/multipanda_ros2/franka_multi_mode_controller) by extensions ['ignore', 'ignore_ament_install']
[0.609s] Level 1:colcon.colcon_core.package_identification:_identify(ros_ws/src/multipanda_ros2/franka_multi_mode_controller) by extension 'ignore'
[0.609s] Level 1:colcon.colcon_core.package_identification:_identify(ros_ws/src/multipanda_ros2/franka_multi_mode_controller) by extension 'ignore_ament_install'
[0.609s] Level 1:colcon.colcon_core.package_identification:_identify(ros_ws/src/multipanda_ros2/franka_multi_mode_controller) by extensions ['colcon_pkg']
[0.609s] Level 1:colcon.colcon_core.package_identification:_identify(ros_ws/src/multipanda_ros2/franka_multi_mode_controller) by extension 'colcon_pkg'
[0.609s] Level 1:colcon.colcon_core.package_identification:_identify(ros_ws/src/multipanda_ros2/franka_multi_mode_controller) by extensions ['colcon_meta']
[0.609s] Level 1:colcon.colcon_core.package_identification:_identify(ros_ws/src/multipanda_ros2/franka_multi_mode_controller) by extension 'colcon_meta'
[0.609s] Level 1:colcon.colcon_core.package_identification:_identify(ros_ws/src/multipanda_ros2/franka_multi_mode_controller) by extensions ['ros']
[0.609s] Level 1:colcon.colcon_core.package_identification:_identify(ros_ws/src/multipanda_ros2/franka_multi_mode_controller) by extension 'ros'
[0.609s] Level 1:colcon.colcon_core.package_identification:_identify(ros_ws/src/multipanda_ros2/franka_multi_mode_controller) by extensions ['cmake', 'python']
[0.609s] Level 1:colcon.colcon_core.package_identification:_identify(ros_ws/src/multipanda_ros2/franka_multi_mode_controller) by extension 'cmake'
[0.609s] Level 1:colcon.colcon_core.package_identification:_identify(ros_ws/src/multipanda_ros2/franka_multi_mode_controller) by extension 'python'
[0.609s] Level 1:colcon.colcon_core.package_identification:_identify(ros_ws/src/multipanda_ros2/franka_multi_mode_controller) by extensions ['python_setup_py']
[0.609s] Level 1:colcon.colcon_core.package_identification:_identify(ros_ws/src/multipanda_ros2/franka_multi_mode_controller) by extension 'python_setup_py'
[0.610s] Level 1:colcon.colcon_core.package_identification:_identify(ros_ws/src/multipanda_ros2/franka_multi_mode_controller/multi_mode_control_msgs) by extensions ['ignore', 'ignore_ament_install']
[0.610s] Level 1:colcon.colcon_core.package_identification:_identify(ros_ws/src/multipanda_ros2/franka_multi_mode_controller/multi_mode_control_msgs) by extension 'ignore'
[0.610s] Level 1:colcon.colcon_core.package_identification:_identify(ros_ws/src/multipanda_ros2/franka_multi_mode_controller/multi_mode_control_msgs) by extension 'ignore_ament_install'
[0.610s] Level 1:colcon.colcon_core.package_identification:_identify(ros_ws/src/multipanda_ros2/franka_multi_mode_controller/multi_mode_control_msgs) by extensions ['colcon_pkg']
[0.610s] Level 1:colcon.colcon_core.package_identification:_identify(ros_ws/src/multipanda_ros2/franka_multi_mode_controller/multi_mode_control_msgs) by extension 'colcon_pkg'
[0.610s] Level 1:colcon.colcon_core.package_identification:_identify(ros_ws/src/multipanda_ros2/franka_multi_mode_controller/multi_mode_control_msgs) by extensions ['colcon_meta']
[0.610s] Level 1:colcon.colcon_core.package_identification:_identify(ros_ws/src/multipanda_ros2/franka_multi_mode_controller/multi_mode_control_msgs) by extension 'colcon_meta'
[0.610s] Level 1:colcon.colcon_core.package_identification:_identify(ros_ws/src/multipanda_ros2/franka_multi_mode_controller/multi_mode_control_msgs) by extensions ['ros']
[0.610s] Level 1:colcon.colcon_core.package_identification:_identify(ros_ws/src/multipanda_ros2/franka_multi_mode_controller/multi_mode_control_msgs) by extension 'ros'
[0.611s] DEBUG:colcon.colcon_core.package_identification:Package 'ros_ws/src/multipanda_ros2/franka_multi_mode_controller/multi_mode_control_msgs' with type 'ros.ament_cmake' and name 'multi_mode_control_msgs'
[0.612s] Level 1:colcon.colcon_core.package_identification:_identify(ros_ws/src/multipanda_ros2/franka_multi_mode_controller/multi_mode_controller) by extensions ['ignore', 'ignore_ament_install']
[0.612s] Level 1:colcon.colcon_core.package_identification:_identify(ros_ws/src/multipanda_ros2/franka_multi_mode_controller/multi_mode_controller) by extension 'ignore'
[0.612s] Level 1:colcon.colcon_core.package_identification:_identify(ros_ws/src/multipanda_ros2/franka_multi_mode_controller/multi_mode_controller) by extension 'ignore_ament_install'
[0.612s] Level 1:colcon.colcon_core.package_identification:_identify(ros_ws/src/multipanda_ros2/franka_multi_mode_controller/multi_mode_controller) by extensions ['colcon_pkg']
[0.612s] Level 1:colcon.colcon_core.package_identification:_identify(ros_ws/src/multipanda_ros2/franka_multi_mode_controller/multi_mode_controller) by extension 'colcon_pkg'
[0.612s] Level 1:colcon.colcon_core.package_identification:_identify(ros_ws/src/multipanda_ros2/franka_multi_mode_controller/multi_mode_controller) by extensions ['colcon_meta']
[0.612s] Level 1:colcon.colcon_core.package_identification:_identify(ros_ws/src/multipanda_ros2/franka_multi_mode_controller/multi_mode_controller) by extension 'colcon_meta'
[0.612s] Level 1:colcon.colcon_core.package_identification:_identify(ros_ws/src/multipanda_ros2/franka_multi_mode_controller/multi_mode_controller) by extensions ['ros']
[0.612s] Level 1:colcon.colcon_core.package_identification:_identify(ros_ws/src/multipanda_ros2/franka_multi_mode_controller/multi_mode_controller) by extension 'ros'
[0.613s] DEBUG:colcon.colcon_core.package_identification:Package 'ros_ws/src/multipanda_ros2/franka_multi_mode_controller/multi_mode_controller' with type 'ros.ament_cmake' and name 'multi_mode_controller'
[0.613s] Level 1:colcon.colcon_core.package_identification:_identify(ros_ws/src/multipanda_ros2/franka_multi_mode_controller/multi_mode_controller_impl) by extensions ['ignore', 'ignore_ament_install']
[0.614s] Level 1:colcon.colcon_core.package_identification:_identify(ros_ws/src/multipanda_ros2/franka_multi_mode_controller/multi_mode_controller_impl) by extension 'ignore'
[0.614s] Level 1:colcon.colcon_core.package_identification:_identify(ros_ws/src/multipanda_ros2/franka_multi_mode_controller/multi_mode_controller_impl) by extension 'ignore_ament_install'
[0.614s] Level 1:colcon.colcon_core.package_identification:_identify(ros_ws/src/multipanda_ros2/franka_multi_mode_controller/multi_mode_controller_impl) by extensions ['colcon_pkg']
[0.614s] Level 1:colcon.colcon_core.package_identification:_identify(ros_ws/src/multipanda_ros2/franka_multi_mode_controller/multi_mode_controller_impl) by extension 'colcon_pkg'
[0.614s] Level 1:colcon.colcon_core.package_identification:_identify(ros_ws/src/multipanda_ros2/franka_multi_mode_controller/multi_mode_controller_impl) by extensions ['colcon_meta']
[0.614s] Level 1:colcon.colcon_core.package_identification:_identify(ros_ws/src/multipanda_ros2/franka_multi_mode_controller/multi_mode_controller_impl) by extension 'colcon_meta'
[0.614s] Level 1:colcon.colcon_core.package_identification:_identify(ros_ws/src/multipanda_ros2/franka_multi_mode_controller/multi_mode_controller_impl) by extensions ['ros']
[0.614s] Level 1:colcon.colcon_core.package_identification:_identify(ros_ws/src/multipanda_ros2/franka_multi_mode_controller/multi_mode_controller_impl) by extension 'ros'
[0.616s] DEBUG:colcon.colcon_core.package_identification:Package 'ros_ws/src/multipanda_ros2/franka_multi_mode_controller/multi_mode_controller_impl' with type 'ros.ament_cmake' and name 'multi_mode_controller_impl'
[0.616s] Level 1:colcon.colcon_core.package_identification:_identify(ros_ws/src/multipanda_ros2/franka_multi_mode_controller/panda_motion_generator_msgs) by extensions ['ignore', 'ignore_ament_install']
[0.617s] Level 1:colcon.colcon_core.package_identification:_identify(ros_ws/src/multipanda_ros2/franka_multi_mode_controller/panda_motion_generator_msgs) by extension 'ignore'
[0.617s] Level 1:colcon.colcon_core.package_identification:_identify(ros_ws/src/multipanda_ros2/franka_multi_mode_controller/panda_motion_generator_msgs) by extension 'ignore_ament_install'
[0.617s] Level 1:colcon.colcon_core.package_identification:_identify(ros_ws/src/multipanda_ros2/franka_multi_mode_controller/panda_motion_generator_msgs) by extensions ['colcon_pkg']
[0.617s] Level 1:colcon.colcon_core.package_identification:_identify(ros_ws/src/multipanda_ros2/franka_multi_mode_controller/panda_motion_generator_msgs) by extension 'colcon_pkg'
[0.617s] Level 1:colcon.colcon_core.package_identification:_identify(ros_ws/src/multipanda_ros2/franka_multi_mode_controller/panda_motion_generator_msgs) by extensions ['colcon_meta']
[0.617s] Level 1:colcon.colcon_core.package_identification:_identify(ros_ws/src/multipanda_ros2/franka_multi_mode_controller/panda_motion_generator_msgs) by extension 'colcon_meta'
[0.617s] Level 1:colcon.colcon_core.package_identification:_identify(ros_ws/src/multipanda_ros2/franka_multi_mode_controller/panda_motion_generator_msgs) by extensions ['ros']
[0.617s] Level 1:colcon.colcon_core.package_identification:_identify(ros_ws/src/multipanda_ros2/franka_multi_mode_controller/panda_motion_generator_msgs) by extension 'ros'
[0.619s] DEBUG:colcon.colcon_core.package_identification:Package 'ros_ws/src/multipanda_ros2/franka_multi_mode_controller/panda_motion_generator_msgs' with type 'ros.ament_cmake' and name 'panda_motion_generator_msgs'
[0.619s] Level 1:colcon.colcon_core.package_identification:_identify(ros_ws/src/multipanda_ros2/franka_multi_mode_controller/panda_motion_generators) by extensions ['ignore', 'ignore_ament_install']
[0.619s] Level 1:colcon.colcon_core.package_identification:_identify(ros_ws/src/multipanda_ros2/franka_multi_mode_controller/panda_motion_generators) by extension 'ignore'
[0.619s] Level 1:colcon.colcon_core.package_identification:_identify(ros_ws/src/multipanda_ros2/franka_multi_mode_controller/panda_motion_generators) by extension 'ignore_ament_install'
[0.619s] Level 1:colcon.colcon_core.package_identification:_identify(ros_ws/src/multipanda_ros2/franka_multi_mode_controller/panda_motion_generators) by extensions ['colcon_pkg']
[0.619s] Level 1:colcon.colcon_core.package_identification:_identify(ros_ws/src/multipanda_ros2/franka_multi_mode_controller/panda_motion_generators) by extension 'colcon_pkg'
[0.619s] Level 1:colcon.colcon_core.package_identification:_identify(ros_ws/src/multipanda_ros2/franka_multi_mode_controller/panda_motion_generators) by extensions ['colcon_meta']
[0.619s] Level 1:colcon.colcon_core.package_identification:_identify(ros_ws/src/multipanda_ros2/franka_multi_mode_controller/panda_motion_generators) by extension 'colcon_meta'
[0.619s] Level 1:colcon.colcon_core.package_identification:_identify(ros_ws/src/multipanda_ros2/franka_multi_mode_controller/panda_motion_generators) by extensions ['ros']
[0.620s] Level 1:colcon.colcon_core.package_identification:_identify(ros_ws/src/multipanda_ros2/franka_multi_mode_controller/panda_motion_generators) by extension 'ros'
[0.621s] DEBUG:colcon.colcon_core.package_identification:Package 'ros_ws/src/multipanda_ros2/franka_multi_mode_controller/panda_motion_generators' with type 'ros.ament_cmake' and name 'panda_motion_generators'
[0.622s] Level 1:colcon.colcon_core.package_identification:_identify(ros_ws/src/multipanda_ros2/franka_robot_state_broadcaster) by extensions ['ignore', 'ignore_ament_install']
[0.622s] Level 1:colcon.colcon_core.package_identification:_identify(ros_ws/src/multipanda_ros2/franka_robot_state_broadcaster) by extension 'ignore'
[0.622s] Level 1:colcon.colcon_core.package_identification:_identify(ros_ws/src/multipanda_ros2/franka_robot_state_broadcaster) by extension 'ignore_ament_install'
[0.622s] Level 1:colcon.colcon_core.package_identification:_identify(ros_ws/src/multipanda_ros2/franka_robot_state_broadcaster) by extensions ['colcon_pkg']
[0.622s] Level 1:colcon.colcon_core.package_identification:_identify(ros_ws/src/multipanda_ros2/franka_robot_state_broadcaster) by extension 'colcon_pkg'
[0.622s] Level 1:colcon.colcon_core.package_identification:_identify(ros_ws/src/multipanda_ros2/franka_robot_state_broadcaster) by extensions ['colcon_meta']
[0.622s] Level 1:colcon.colcon_core.package_identification:_identify(ros_ws/src/multipanda_ros2/franka_robot_state_broadcaster) by extension 'colcon_meta'
[0.622s] Level 1:colcon.colcon_core.package_identification:_identify(ros_ws/src/multipanda_ros2/franka_robot_state_broadcaster) by extensions ['ros']
[0.622s] Level 1:colcon.colcon_core.package_identification:_identify(ros_ws/src/multipanda_ros2/franka_robot_state_broadcaster) by extension 'ros'
[0.624s] DEBUG:colcon.colcon_core.package_identification:Package 'ros_ws/src/multipanda_ros2/franka_robot_state_broadcaster' with type 'ros.ament_cmake' and name 'franka_robot_state_broadcaster'
[0.624s] Level 1:colcon.colcon_core.package_identification:_identify(ros_ws/src/multipanda_ros2/franka_semantic_components) by extensions ['ignore', 'ignore_ament_install']
[0.625s] Level 1:colcon.colcon_core.package_identification:_identify(ros_ws/src/multipanda_ros2/franka_semantic_components) by extension 'ignore'
[0.625s] Level 1:colcon.colcon_core.package_identification:_identify(ros_ws/src/multipanda_ros2/franka_semantic_components) by extension 'ignore_ament_install'
[0.625s] Level 1:colcon.colcon_core.package_identification:_identify(ros_ws/src/multipanda_ros2/franka_semantic_components) by extensions ['colcon_pkg']
[0.625s] Level 1:colcon.colcon_core.package_identification:_identify(ros_ws/src/multipanda_ros2/franka_semantic_components) by extension 'colcon_pkg'
[0.625s] Level 1:colcon.colcon_core.package_identification:_identify(ros_ws/src/multipanda_ros2/franka_semantic_components) by extensions ['colcon_meta']
[0.625s] Level 1:colcon.colcon_core.package_identification:_identify(ros_ws/src/multipanda_ros2/franka_semantic_components) by extension 'colcon_meta'
[0.625s] Level 1:colcon.colcon_core.package_identification:_identify(ros_ws/src/multipanda_ros2/franka_semantic_components) by extensions ['ros']
[0.625s] Level 1:colcon.colcon_core.package_identification:_identify(ros_ws/src/multipanda_ros2/franka_semantic_components) by extension 'ros'
[0.626s] DEBUG:colcon.colcon_core.package_identification:Package 'ros_ws/src/multipanda_ros2/franka_semantic_components' with type 'ros.ament_cmake' and name 'franka_semantic_components'
[0.626s] Level 1:colcon.colcon_core.package_identification:_identify(ros_ws/src/multipanda_ros2/franka_simple_publishers) by extensions ['ignore', 'ignore_ament_install']
[0.627s] Level 1:colcon.colcon_core.package_identification:_identify(ros_ws/src/multipanda_ros2/franka_simple_publishers) by extension 'ignore'
[0.627s] Level 1:colcon.colcon_core.package_identification:_identify(ros_ws/src/multipanda_ros2/franka_simple_publishers) by extension 'ignore_ament_install'
[0.627s] Level 1:colcon.colcon_core.package_identification:_identify(ros_ws/src/multipanda_ros2/franka_simple_publishers) by extensions ['colcon_pkg']
[0.627s] Level 1:colcon.colcon_core.package_identification:_identify(ros_ws/src/multipanda_ros2/franka_simple_publishers) by extension 'colcon_pkg'
[0.627s] Level 1:colcon.colcon_core.package_identification:_identify(ros_ws/src/multipanda_ros2/franka_simple_publishers) by extensions ['colcon_meta']
[0.627s] Level 1:colcon.colcon_core.package_identification:_identify(ros_ws/src/multipanda_ros2/franka_simple_publishers) by extension 'colcon_meta'
[0.627s] Level 1:colcon.colcon_core.package_identification:_identify(ros_ws/src/multipanda_ros2/franka_simple_publishers) by extensions ['ros']
[0.627s] Level 1:colcon.colcon_core.package_identification:_identify(ros_ws/src/multipanda_ros2/franka_simple_publishers) by extension 'ros'
[0.628s] DEBUG:colcon.colcon_core.package_identification:Package 'ros_ws/src/multipanda_ros2/franka_simple_publishers' with type 'ros.ament_python' and name 'franka_simple_publishers'
[0.628s] Level 1:colcon.colcon_core.package_identification:_identify(ros_ws/src/multipanda_ros2/garmi_packages) by extensions ['ignore', 'ignore_ament_install']
[0.628s] Level 1:colcon.colcon_core.package_identification:_identify(ros_ws/src/multipanda_ros2/garmi_packages) by extension 'ignore'
[0.628s] Level 1:colcon.colcon_core.package_identification:_identify(ros_ws/src/multipanda_ros2/garmi_packages) by extension 'ignore_ament_install'
[0.628s] Level 1:colcon.colcon_core.package_identification:_identify(ros_ws/src/multipanda_ros2/garmi_packages) by extensions ['colcon_pkg']
[0.628s] Level 1:colcon.colcon_core.package_identification:_identify(ros_ws/src/multipanda_ros2/garmi_packages) by extension 'colcon_pkg'
[0.628s] Level 1:colcon.colcon_core.package_identification:_identify(ros_ws/src/multipanda_ros2/garmi_packages) by extensions ['colcon_meta']
[0.628s] Level 1:colcon.colcon_core.package_identification:_identify(ros_ws/src/multipanda_ros2/garmi_packages) by extension 'colcon_meta'
[0.629s] Level 1:colcon.colcon_core.package_identification:_identify(ros_ws/src/multipanda_ros2/garmi_packages) by extensions ['ros']
[0.629s] Level 1:colcon.colcon_core.package_identification:_identify(ros_ws/src/multipanda_ros2/garmi_packages) by extension 'ros'
[0.629s] Level 1:colcon.colcon_core.package_identification:_identify(ros_ws/src/multipanda_ros2/garmi_packages) by extensions ['cmake', 'python']
[0.629s] Level 1:colcon.colcon_core.package_identification:_identify(ros_ws/src/multipanda_ros2/garmi_packages) by extension 'cmake'
[0.629s] Level 1:colcon.colcon_core.package_identification:_identify(ros_ws/src/multipanda_ros2/garmi_packages) by extension 'python'
[0.629s] Level 1:colcon.colcon_core.package_identification:_identify(ros_ws/src/multipanda_ros2/garmi_packages) by extensions ['python_setup_py']
[0.629s] Level 1:colcon.colcon_core.package_identification:_identify(ros_ws/src/multipanda_ros2/garmi_packages) by extension 'python_setup_py'
[0.629s] Level 1:colcon.colcon_core.package_identification:_identify(ros_ws/src/multipanda_ros2/garmi_packages/garmi_bringup) by extensions ['ignore', 'ignore_ament_install']
[0.629s] Level 1:colcon.colcon_core.package_identification:_identify(ros_ws/src/multipanda_ros2/garmi_packages/garmi_bringup) by extension 'ignore'
[0.629s] Level 1:colcon.colcon_core.package_identification:_identify(ros_ws/src/multipanda_ros2/garmi_packages/garmi_bringup) by extension 'ignore_ament_install'
[0.629s] Level 1:colcon.colcon_core.package_identification:_identify(ros_ws/src/multipanda_ros2/garmi_packages/garmi_bringup) by extensions ['colcon_pkg']
[0.629s] Level 1:colcon.colcon_core.package_identification:_identify(ros_ws/src/multipanda_ros2/garmi_packages/garmi_bringup) by extension 'colcon_pkg'
[0.629s] Level 1:colcon.colcon_core.package_identification:_identify(ros_ws/src/multipanda_ros2/garmi_packages/garmi_bringup) by extensions ['colcon_meta']
[0.629s] Level 1:colcon.colcon_core.package_identification:_identify(ros_ws/src/multipanda_ros2/garmi_packages/garmi_bringup) by extension 'colcon_meta'
[0.630s] Level 1:colcon.colcon_core.package_identification:_identify(ros_ws/src/multipanda_ros2/garmi_packages/garmi_bringup) by extensions ['ros']
[0.630s] Level 1:colcon.colcon_core.package_identification:_identify(ros_ws/src/multipanda_ros2/garmi_packages/garmi_bringup) by extension 'ros'
[0.630s] DEBUG:colcon.colcon_core.package_identification:Package 'ros_ws/src/multipanda_ros2/garmi_packages/garmi_bringup' with type 'ros.ament_cmake' and name 'garmi_bringup'
[0.631s] Level 1:colcon.colcon_core.package_identification:_identify(ros_ws/src/multipanda_ros2/garmi_packages/garmi_controllers) by extensions ['ignore', 'ignore_ament_install']
[0.631s] Level 1:colcon.colcon_core.package_identification:_identify(ros_ws/src/multipanda_ros2/garmi_packages/garmi_controllers) by extension 'ignore'
[0.631s] Level 1:colcon.colcon_core.package_identification:_identify(ros_ws/src/multipanda_ros2/garmi_packages/garmi_controllers) by extension 'ignore_ament_install'
[0.631s] Level 1:colcon.colcon_core.package_identification:_identify(ros_ws/src/multipanda_ros2/garmi_packages/garmi_controllers) by extensions ['colcon_pkg']
[0.631s] Level 1:colcon.colcon_core.package_identification:_identify(ros_ws/src/multipanda_ros2/garmi_packages/garmi_controllers) by extension 'colcon_pkg'
[0.631s] Level 1:colcon.colcon_core.package_identification:_identify(ros_ws/src/multipanda_ros2/garmi_packages/garmi_controllers) by extensions ['colcon_meta']
[0.631s] Level 1:colcon.colcon_core.package_identification:_identify(ros_ws/src/multipanda_ros2/garmi_packages/garmi_controllers) by extension 'colcon_meta'
[0.631s] Level 1:colcon.colcon_core.package_identification:_identify(ros_ws/src/multipanda_ros2/garmi_packages/garmi_controllers) by extensions ['ros']
[0.631s] Level 1:colcon.colcon_core.package_identification:_identify(ros_ws/src/multipanda_ros2/garmi_packages/garmi_controllers) by extension 'ros'
[0.633s] DEBUG:colcon.colcon_core.package_identification:Package 'ros_ws/src/multipanda_ros2/garmi_packages/garmi_controllers' with type 'ros.ament_cmake' and name 'garmi_controllers'
[0.633s] Level 1:colcon.colcon_core.package_identification:_identify(ros_ws/src/multipanda_ros2/garmi_packages/garmi_description) by extensions ['ignore', 'ignore_ament_install']
[0.633s] Level 1:colcon.colcon_core.package_identification:_identify(ros_ws/src/multipanda_ros2/garmi_packages/garmi_description) by extension 'ignore'
[0.633s] Level 1:colcon.colcon_core.package_identification:_identify(ros_ws/src/multipanda_ros2/garmi_packages/garmi_description) by extension 'ignore_ament_install'
[0.633s] Level 1:colcon.colcon_core.package_identification:_identify(ros_ws/src/multipanda_ros2/garmi_packages/garmi_description) by extensions ['colcon_pkg']
[0.633s] Level 1:colcon.colcon_core.package_identification:_identify(ros_ws/src/multipanda_ros2/garmi_packages/garmi_description) by extension 'colcon_pkg'
[0.633s] Level 1:colcon.colcon_core.package_identification:_identify(ros_ws/src/multipanda_ros2/garmi_packages/garmi_description) by extensions ['colcon_meta']
[0.633s] Level 1:colcon.colcon_core.package_identification:_identify(ros_ws/src/multipanda_ros2/garmi_packages/garmi_description) by extension 'colcon_meta'
[0.634s] Level 1:colcon.colcon_core.package_identification:_identify(ros_ws/src/multipanda_ros2/garmi_packages/garmi_description) by extensions ['ros']
[0.634s] Level 1:colcon.colcon_core.package_identification:_identify(ros_ws/src/multipanda_ros2/garmi_packages/garmi_description) by extension 'ros'
[0.634s] DEBUG:colcon.colcon_core.package_identification:Package 'ros_ws/src/multipanda_ros2/garmi_packages/garmi_description' with type 'ros.ament_cmake' and name 'garmi_description'
[0.635s] Level 1:colcon.colcon_core.package_identification:_identify(ros_ws/src/multipanda_ros2/garmi_packages/garmi_moveit_config) by extensions ['ignore', 'ignore_ament_install']
[0.635s] Level 1:colcon.colcon_core.package_identification:_identify(ros_ws/src/multipanda_ros2/garmi_packages/garmi_moveit_config) by extension 'ignore'
[0.635s] Level 1:colcon.colcon_core.package_identification:_identify(ros_ws/src/multipanda_ros2/garmi_packages/garmi_moveit_config) by extension 'ignore_ament_install'
[0.635s] Level 1:colcon.colcon_core.package_identification:_identify(ros_ws/src/multipanda_ros2/garmi_packages/garmi_moveit_config) by extensions ['colcon_pkg']
[0.635s] Level 1:colcon.colcon_core.package_identification:_identify(ros_ws/src/multipanda_ros2/garmi_packages/garmi_moveit_config) by extension 'colcon_pkg'
[0.635s] Level 1:colcon.colcon_core.package_identification:_identify(ros_ws/src/multipanda_ros2/garmi_packages/garmi_moveit_config) by extensions ['colcon_meta']
[0.635s] Level 1:colcon.colcon_core.package_identification:_identify(ros_ws/src/multipanda_ros2/garmi_packages/garmi_moveit_config) by extension 'colcon_meta'
[0.635s] Level 1:colcon.colcon_core.package_identification:_identify(ros_ws/src/multipanda_ros2/garmi_packages/garmi_moveit_config) by extensions ['ros']
[0.635s] Level 1:colcon.colcon_core.package_identification:_identify(ros_ws/src/multipanda_ros2/garmi_packages/garmi_moveit_config) by extension 'ros'
[0.636s] DEBUG:colcon.colcon_core.package_identification:Package 'ros_ws/src/multipanda_ros2/garmi_packages/garmi_moveit_config' with type 'ros.ament_cmake' and name 'garmi_moveit_config'
[0.636s] Level 1:colcon.colcon_core.package_identification:_identify(ros_ws/src/multipanda_ros2/mujoco_ros_pkgs) by extensions ['ignore', 'ignore_ament_install']
[0.636s] Level 1:colcon.colcon_core.package_identification:_identify(ros_ws/src/multipanda_ros2/mujoco_ros_pkgs) by extension 'ignore'
[0.636s] Level 1:colcon.colcon_core.package_identification:_identify(ros_ws/src/multipanda_ros2/mujoco_ros_pkgs) by extension 'ignore_ament_install'
[0.637s] Level 1:colcon.colcon_core.package_identification:_identify(ros_ws/src/multipanda_ros2/mujoco_ros_pkgs) by extensions ['colcon_pkg']
[0.637s] Level 1:colcon.colcon_core.package_identification:_identify(ros_ws/src/multipanda_ros2/mujoco_ros_pkgs) by extension 'colcon_pkg'
[0.637s] Level 1:colcon.colcon_core.package_identification:_identify(ros_ws/src/multipanda_ros2/mujoco_ros_pkgs) by extensions ['colcon_meta']
[0.637s] Level 1:colcon.colcon_core.package_identification:_identify(ros_ws/src/multipanda_ros2/mujoco_ros_pkgs) by extension 'colcon_meta'
[0.637s] Level 1:colcon.colcon_core.package_identification:_identify(ros_ws/src/multipanda_ros2/mujoco_ros_pkgs) by extensions ['ros']
[0.637s] Level 1:colcon.colcon_core.package_identification:_identify(ros_ws/src/multipanda_ros2/mujoco_ros_pkgs) by extension 'ros'
[0.637s] Level 1:colcon.colcon_core.package_identification:_identify(ros_ws/src/multipanda_ros2/mujoco_ros_pkgs) by extensions ['cmake', 'python']
[0.637s] Level 1:colcon.colcon_core.package_identification:_identify(ros_ws/src/multipanda_ros2/mujoco_ros_pkgs) by extension 'cmake'
[0.637s] Level 1:colcon.colcon_core.package_identification:_identify(ros_ws/src/multipanda_ros2/mujoco_ros_pkgs) by extension 'python'
[0.637s] Level 1:colcon.colcon_core.package_identification:_identify(ros_ws/src/multipanda_ros2/mujoco_ros_pkgs) by extensions ['python_setup_py']
[0.637s] Level 1:colcon.colcon_core.package_identification:_identify(ros_ws/src/multipanda_ros2/mujoco_ros_pkgs) by extension 'python_setup_py'
[0.637s] Level 1:colcon.colcon_core.package_identification:_identify(ros_ws/src/multipanda_ros2/mujoco_ros_pkgs/mujoco_ros) by extensions ['ignore', 'ignore_ament_install']
[0.637s] Level 1:colcon.colcon_core.package_identification:_identify(ros_ws/src/multipanda_ros2/mujoco_ros_pkgs/mujoco_ros) by extension 'ignore'
[0.637s] Level 1:colcon.colcon_core.package_identification:_identify(ros_ws/src/multipanda_ros2/mujoco_ros_pkgs/mujoco_ros) by extension 'ignore_ament_install'
[0.638s] Level 1:colcon.colcon_core.package_identification:_identify(ros_ws/src/multipanda_ros2/mujoco_ros_pkgs/mujoco_ros) by extensions ['colcon_pkg']
[0.638s] Level 1:colcon.colcon_core.package_identification:_identify(ros_ws/src/multipanda_ros2/mujoco_ros_pkgs/mujoco_ros) by extension 'colcon_pkg'
[0.638s] Level 1:colcon.colcon_core.package_identification:_identify(ros_ws/src/multipanda_ros2/mujoco_ros_pkgs/mujoco_ros) by extensions ['colcon_meta']
[0.638s] Level 1:colcon.colcon_core.package_identification:_identify(ros_ws/src/multipanda_ros2/mujoco_ros_pkgs/mujoco_ros) by extension 'colcon_meta'
[0.638s] Level 1:colcon.colcon_core.package_identification:_identify(ros_ws/src/multipanda_ros2/mujoco_ros_pkgs/mujoco_ros) by extensions ['ros']
[0.638s] Level 1:colcon.colcon_core.package_identification:_identify(ros_ws/src/multipanda_ros2/mujoco_ros_pkgs/mujoco_ros) by extension 'ros'
[0.653s] DEBUG:colcon.colcon_core.package_identification:Package 'ros_ws/src/multipanda_ros2/mujoco_ros_pkgs/mujoco_ros' with type 'ros.ament_cmake' and name 'mujoco_ros'
[0.653s] Level 1:colcon.colcon_core.package_identification:_identify(ros_ws/src/multipanda_ros2/mujoco_ros_pkgs/mujoco_ros2_control) by extensions ['ignore', 'ignore_ament_install']
[0.654s] Level 1:colcon.colcon_core.package_identification:_identify(ros_ws/src/multipanda_ros2/mujoco_ros_pkgs/mujoco_ros2_control) by extension 'ignore'
[0.654s] Level 1:colcon.colcon_core.package_identification:_identify(ros_ws/src/multipanda_ros2/mujoco_ros_pkgs/mujoco_ros2_control) by extension 'ignore_ament_install'
[0.654s] Level 1:colcon.colcon_core.package_identification:_identify(ros_ws/src/multipanda_ros2/mujoco_ros_pkgs/mujoco_ros2_control) by extensions ['colcon_pkg']
[0.654s] Level 1:colcon.colcon_core.package_identification:_identify(ros_ws/src/multipanda_ros2/mujoco_ros_pkgs/mujoco_ros2_control) by extension 'colcon_pkg'
[0.654s] Level 1:colcon.colcon_core.package_identification:_identify(ros_ws/src/multipanda_ros2/mujoco_ros_pkgs/mujoco_ros2_control) by extensions ['colcon_meta']
[0.654s] Level 1:colcon.colcon_core.package_identification:_identify(ros_ws/src/multipanda_ros2/mujoco_ros_pkgs/mujoco_ros2_control) by extension 'colcon_meta'
[0.654s] Level 1:colcon.colcon_core.package_identification:_identify(ros_ws/src/multipanda_ros2/mujoco_ros_pkgs/mujoco_ros2_control) by extensions ['ros']
[0.654s] Level 1:colcon.colcon_core.package_identification:_identify(ros_ws/src/multipanda_ros2/mujoco_ros_pkgs/mujoco_ros2_control) by extension 'ros'
[0.656s] DEBUG:colcon.colcon_core.package_identification:Package 'ros_ws/src/multipanda_ros2/mujoco_ros_pkgs/mujoco_ros2_control' with type 'ros.ament_cmake' and name 'mujoco_ros2_control'
[0.656s] Level 1:colcon.colcon_core.package_identification:_identify(ros_ws/src/multipanda_ros2/mujoco_ros_pkgs/mujoco_ros2_control_system) by extensions ['ignore', 'ignore_ament_install']
[0.656s] Level 1:colcon.colcon_core.package_identification:_identify(ros_ws/src/multipanda_ros2/mujoco_ros_pkgs/mujoco_ros2_control_system) by extension 'ignore'
[0.656s] Level 1:colcon.colcon_core.package_identification:_identify(ros_ws/src/multipanda_ros2/mujoco_ros_pkgs/mujoco_ros2_control_system) by extension 'ignore_ament_install'
[0.656s] Level 1:colcon.colcon_core.package_identification:_identify(ros_ws/src/multipanda_ros2/mujoco_ros_pkgs/mujoco_ros2_control_system) by extensions ['colcon_pkg']
[0.657s] Level 1:colcon.colcon_core.package_identification:_identify(ros_ws/src/multipanda_ros2/mujoco_ros_pkgs/mujoco_ros2_control_system) by extension 'colcon_pkg'
[0.657s] Level 1:colcon.colcon_core.package_identification:_identify(ros_ws/src/multipanda_ros2/mujoco_ros_pkgs/mujoco_ros2_control_system) by extensions ['colcon_meta']
[0.657s] Level 1:colcon.colcon_core.package_identification:_identify(ros_ws/src/multipanda_ros2/mujoco_ros_pkgs/mujoco_ros2_control_system) by extension 'colcon_meta'
[0.657s] Level 1:colcon.colcon_core.package_identification:_identify(ros_ws/src/multipanda_ros2/mujoco_ros_pkgs/mujoco_ros2_control_system) by extensions ['ros']
[0.657s] Level 1:colcon.colcon_core.package_identification:_identify(ros_ws/src/multipanda_ros2/mujoco_ros_pkgs/mujoco_ros2_control_system) by extension 'ros'
[0.658s] DEBUG:colcon.colcon_core.package_identification:Package 'ros_ws/src/multipanda_ros2/mujoco_ros_pkgs/mujoco_ros2_control_system' with type 'ros.ament_cmake' and name 'mujoco_ros2_control_system'
[0.658s] Level 1:colcon.colcon_core.package_identification:_identify(ros_ws/src/multipanda_ros2/mujoco_ros_pkgs/mujoco_ros2_dummy_plugin) by extensions ['ignore', 'ignore_ament_install']
[0.658s] Level 1:colcon.colcon_core.package_identification:_identify(ros_ws/src/multipanda_ros2/mujoco_ros_pkgs/mujoco_ros2_dummy_plugin) by extension 'ignore'
[0.658s] Level 1:colcon.colcon_core.package_identification:_identify(ros_ws/src/multipanda_ros2/mujoco_ros_pkgs/mujoco_ros2_dummy_plugin) by extension 'ignore_ament_install'
[0.659s] Level 1:colcon.colcon_core.package_identification:_identify(ros_ws/src/multipanda_ros2/mujoco_ros_pkgs/mujoco_ros2_dummy_plugin) by extensions ['colcon_pkg']
[0.659s] Level 1:colcon.colcon_core.package_identification:_identify(ros_ws/src/multipanda_ros2/mujoco_ros_pkgs/mujoco_ros2_dummy_plugin) by extension 'colcon_pkg'
[0.659s] Level 1:colcon.colcon_core.package_identification:_identify(ros_ws/src/multipanda_ros2/mujoco_ros_pkgs/mujoco_ros2_dummy_plugin) by extensions ['colcon_meta']
[0.659s] Level 1:colcon.colcon_core.package_identification:_identify(ros_ws/src/multipanda_ros2/mujoco_ros_pkgs/mujoco_ros2_dummy_plugin) by extension 'colcon_meta'
[0.659s] Level 1:colcon.colcon_core.package_identification:_identify(ros_ws/src/multipanda_ros2/mujoco_ros_pkgs/mujoco_ros2_dummy_plugin) by extensions ['ros']
[0.659s] Level 1:colcon.colcon_core.package_identification:_identify(ros_ws/src/multipanda_ros2/mujoco_ros_pkgs/mujoco_ros2_dummy_plugin) by extension 'ros'
[0.660s] DEBUG:colcon.colcon_core.package_identification:Package 'ros_ws/src/multipanda_ros2/mujoco_ros_pkgs/mujoco_ros2_dummy_plugin' with type 'ros.ament_cmake' and name 'mujoco_ros2_dummy_plugin'
[0.660s] Level 1:colcon.colcon_core.package_identification:_identify(ros_ws/src/multipanda_ros2/mujoco_ros_pkgs/mujoco_ros2_sensors) by extensions ['ignore', 'ignore_ament_install']
[0.660s] Level 1:colcon.colcon_core.package_identification:_identify(ros_ws/src/multipanda_ros2/mujoco_ros_pkgs/mujoco_ros2_sensors) by extension 'ignore'
[0.661s] Level 1:colcon.colcon_core.package_identification:_identify(ros_ws/src/multipanda_ros2/mujoco_ros_pkgs/mujoco_ros2_sensors) by extension 'ignore_ament_install'
[0.661s] Level 1:colcon.colcon_core.package_identification:_identify(ros_ws/src/multipanda_ros2/mujoco_ros_pkgs/mujoco_ros2_sensors) by extensions ['colcon_pkg']
[0.661s] Level 1:colcon.colcon_core.package_identification:_identify(ros_ws/src/multipanda_ros2/mujoco_ros_pkgs/mujoco_ros2_sensors) by extension 'colcon_pkg'
[0.661s] Level 1:colcon.colcon_core.package_identification:_identify(ros_ws/src/multipanda_ros2/mujoco_ros_pkgs/mujoco_ros2_sensors) by extensions ['colcon_meta']
[0.661s] Level 1:colcon.colcon_core.package_identification:_identify(ros_ws/src/multipanda_ros2/mujoco_ros_pkgs/mujoco_ros2_sensors) by extension 'colcon_meta'
[0.661s] Level 1:colcon.colcon_core.package_identification:_identify(ros_ws/src/multipanda_ros2/mujoco_ros_pkgs/mujoco_ros2_sensors) by extensions ['ros']
[0.661s] Level 1:colcon.colcon_core.package_identification:_identify(ros_ws/src/multipanda_ros2/mujoco_ros_pkgs/mujoco_ros2_sensors) by extension 'ros'
[0.663s] DEBUG:colcon.colcon_core.package_identification:Package 'ros_ws/src/multipanda_ros2/mujoco_ros_pkgs/mujoco_ros2_sensors' with type 'ros.ament_cmake' and name 'mujoco_ros2_sensors'
[0.663s] Level 1:colcon.colcon_core.package_identification:_identify(ros_ws/src/multipanda_ros2/mujoco_ros_pkgs/mujoco_ros_control) by extensions ['ignore', 'ignore_ament_install']
[0.663s] Level 1:colcon.colcon_core.package_identification:_identify(ros_ws/src/multipanda_ros2/mujoco_ros_pkgs/mujoco_ros_control) by extension 'ignore'
[0.663s] Level 1:colcon.colcon_core.package_identification:_identify(ros_ws/src/multipanda_ros2/mujoco_ros_pkgs/mujoco_ros_control) ignored
[0.663s] Level 1:colcon.colcon_core.package_identification:_identify(ros_ws/src/multipanda_ros2/mujoco_ros_pkgs/mujoco_ros_laser) by extensions ['ignore', 'ignore_ament_install']
[0.663s] Level 1:colcon.colcon_core.package_identification:_identify(ros_ws/src/multipanda_ros2/mujoco_ros_pkgs/mujoco_ros_laser) by extension 'ignore'
[0.663s] Level 1:colcon.colcon_core.package_identification:_identify(ros_ws/src/multipanda_ros2/mujoco_ros_pkgs/mujoco_ros_laser) ignored
[0.663s] Level 1:colcon.colcon_core.package_identification:_identify(ros_ws/src/multipanda_ros2/mujoco_ros_pkgs/mujoco_ros_mocap_plugin) by extensions ['ignore', 'ignore_ament_install']
[0.664s] Level 1:colcon.colcon_core.package_identification:_identify(ros_ws/src/multipanda_ros2/mujoco_ros_pkgs/mujoco_ros_mocap_plugin) by extension 'ignore'
[0.664s] Level 1:colcon.colcon_core.package_identification:_identify(ros_ws/src/multipanda_ros2/mujoco_ros_pkgs/mujoco_ros_mocap_plugin) ignored
[0.664s] Level 1:colcon.colcon_core.package_identification:_identify(ros_ws/src/multipanda_ros2/mujoco_ros_pkgs/mujoco_ros_msgs) by extensions ['ignore', 'ignore_ament_install']
[0.664s] Level 1:colcon.colcon_core.package_identification:_identify(ros_ws/src/multipanda_ros2/mujoco_ros_pkgs/mujoco_ros_msgs) by extension 'ignore'
[0.664s] Level 1:colcon.colcon_core.package_identification:_identify(ros_ws/src/multipanda_ros2/mujoco_ros_pkgs/mujoco_ros_msgs) by extension 'ignore_ament_install'
[0.664s] Level 1:colcon.colcon_core.package_identification:_identify(ros_ws/src/multipanda_ros2/mujoco_ros_pkgs/mujoco_ros_msgs) by extensions ['colcon_pkg']
[0.664s] Level 1:colcon.colcon_core.package_identification:_identify(ros_ws/src/multipanda_ros2/mujoco_ros_pkgs/mujoco_ros_msgs) by extension 'colcon_pkg'
[0.664s] Level 1:colcon.colcon_core.package_identification:_identify(ros_ws/src/multipanda_ros2/mujoco_ros_pkgs/mujoco_ros_msgs) by extensions ['colcon_meta']
[0.664s] Level 1:colcon.colcon_core.package_identification:_identify(ros_ws/src/multipanda_ros2/mujoco_ros_pkgs/mujoco_ros_msgs) by extension 'colcon_meta'
[0.664s] Level 1:colcon.colcon_core.package_identification:_identify(ros_ws/src/multipanda_ros2/mujoco_ros_pkgs/mujoco_ros_msgs) by extensions ['ros']
[0.664s] Level 1:colcon.colcon_core.package_identification:_identify(ros_ws/src/multipanda_ros2/mujoco_ros_pkgs/mujoco_ros_msgs) by extension 'ros'
[0.670s] DEBUG:colcon.colcon_core.package_identification:Package 'ros_ws/src/multipanda_ros2/mujoco_ros_pkgs/mujoco_ros_msgs' with type 'ros.ament_cmake' and name 'mujoco_ros_msgs'
[0.670s] Level 1:colcon.colcon_core.package_identification:_identify(ros_ws/src/multipanda_ros2/mujoco_ros_pkgs/mujoco_ros_pkgs) by extensions ['ignore', 'ignore_ament_install']
[0.670s] Level 1:colcon.colcon_core.package_identification:_identify(ros_ws/src/multipanda_ros2/mujoco_ros_pkgs/mujoco_ros_pkgs) by extension 'ignore'
[0.670s] Level 1:colcon.colcon_core.package_identification:_identify(ros_ws/src/multipanda_ros2/mujoco_ros_pkgs/mujoco_ros_pkgs) by extension 'ignore_ament_install'
[0.670s] Level 1:colcon.colcon_core.package_identification:_identify(ros_ws/src/multipanda_ros2/mujoco_ros_pkgs/mujoco_ros_pkgs) by extensions ['colcon_pkg']
[0.671s] Level 1:colcon.colcon_core.package_identification:_identify(ros_ws/src/multipanda_ros2/mujoco_ros_pkgs/mujoco_ros_pkgs) by extension 'colcon_pkg'
[0.671s] Level 1:colcon.colcon_core.package_identification:_identify(ros_ws/src/multipanda_ros2/mujoco_ros_pkgs/mujoco_ros_pkgs) by extensions ['colcon_meta']
[0.671s] Level 1:colcon.colcon_core.package_identification:_identify(ros_ws/src/multipanda_ros2/mujoco_ros_pkgs/mujoco_ros_pkgs) by extension 'colcon_meta'
[0.671s] Level 1:colcon.colcon_core.package_identification:_identify(ros_ws/src/multipanda_ros2/mujoco_ros_pkgs/mujoco_ros_pkgs) by extensions ['ros']
[0.671s] Level 1:colcon.colcon_core.package_identification:_identify(ros_ws/src/multipanda_ros2/mujoco_ros_pkgs/mujoco_ros_pkgs) by extension 'ros'
[0.690s] DEBUG:colcon.colcon_core.package_identification:Package 'ros_ws/src/multipanda_ros2/mujoco_ros_pkgs/mujoco_ros_pkgs' with type 'ros.ament_cmake' and name 'mujoco_ros_pkgs'
[0.691s] Level 1:colcon.colcon_core.package_identification:_identify(ros_ws/src/multipanda_ros2/mujoco_ros_pkgs/mujoco_ros_sensors) by extensions ['ignore', 'ignore_ament_install']
[0.691s] Level 1:colcon.colcon_core.package_identification:_identify(ros_ws/src/multipanda_ros2/mujoco_ros_pkgs/mujoco_ros_sensors) by extension 'ignore'
[0.691s] Level 1:colcon.colcon_core.package_identification:_identify(ros_ws/src/multipanda_ros2/mujoco_ros_pkgs/mujoco_ros_sensors) ignored
[0.691s] Level 1:colcon.colcon_core.package_identification:_identify(ros_ws/src/multipanda_ros2/tools) by extensions ['ignore', 'ignore_ament_install']
[0.691s] Level 1:colcon.colcon_core.package_identification:_identify(ros_ws/src/multipanda_ros2/tools) by extension 'ignore'
[0.691s] Level 1:colcon.colcon_core.package_identification:_identify(ros_ws/src/multipanda_ros2/tools) by extension 'ignore_ament_install'
[0.691s] Level 1:colcon.colcon_core.package_identification:_identify(ros_ws/src/multipanda_ros2/tools) by extensions ['colcon_pkg']
[0.692s] Level 1:colcon.colcon_core.package_identification:_identify(ros_ws/src/multipanda_ros2/tools) by extension 'colcon_pkg'
[0.692s] Level 1:colcon.colcon_core.package_identification:_identify(ros_ws/src/multipanda_ros2/tools) by extensions ['colcon_meta']
[0.692s] Level 1:colcon.colcon_core.package_identification:_identify(ros_ws/src/multipanda_ros2/tools) by extension 'colcon_meta'
[0.692s] Level 1:colcon.colcon_core.package_identification:_identify(ros_ws/src/multipanda_ros2/tools) by extensions ['ros']
[0.692s] Level 1:colcon.colcon_core.package_identification:_identify(ros_ws/src/multipanda_ros2/tools) by extension 'ros'
[0.692s] Level 1:colcon.colcon_core.package_identification:_identify(ros_ws/src/multipanda_ros2/tools) by extensions ['cmake', 'python']
[0.692s] Level 1:colcon.colcon_core.package_identification:_identify(ros_ws/src/multipanda_ros2/tools) by extension 'cmake'
[0.692s] Level 1:colcon.colcon_core.package_identification:_identify(ros_ws/src/multipanda_ros2/tools) by extension 'python'
[0.692s] Level 1:colcon.colcon_core.package_identification:_identify(ros_ws/src/multipanda_ros2/tools) by extensions ['python_setup_py']
[0.692s] Level 1:colcon.colcon_core.package_identification:_identify(ros_ws/src/multipanda_ros2/tools) by extension 'python_setup_py'
[0.693s] Level 1:colcon.colcon_core.package_identification:_identify(ros_ws/src/nano17) by extensions ['ignore', 'ignore_ament_install']
[0.693s] Level 1:colcon.colcon_core.package_identification:_identify(ros_ws/src/nano17) by extension 'ignore'
[0.693s] Level 1:colcon.colcon_core.package_identification:_identify(ros_ws/src/nano17) by extension 'ignore_ament_install'
[0.693s] Level 1:colcon.colcon_core.package_identification:_identify(ros_ws/src/nano17) by extensions ['colcon_pkg']
[0.693s] Level 1:colcon.colcon_core.package_identification:_identify(ros_ws/src/nano17) by extension 'colcon_pkg'
[0.693s] Level 1:colcon.colcon_core.package_identification:_identify(ros_ws/src/nano17) by extensions ['colcon_meta']
[0.693s] Level 1:colcon.colcon_core.package_identification:_identify(ros_ws/src/nano17) by extension 'colcon_meta'
[0.694s] Level 1:colcon.colcon_core.package_identification:_identify(ros_ws/src/nano17) by extensions ['ros']
[0.694s] Level 1:colcon.colcon_core.package_identification:_identify(ros_ws/src/nano17) by extension 'ros'
[0.695s] DEBUG:colcon.colcon_core.package_identification:Package 'ros_ws/src/nano17' with type 'ros.ament_python' and name 'nano17'
[0.696s] Level 1:colcon.colcon_core.package_identification:_identify(ros_ws/src/sparse_skin) by extensions ['ignore', 'ignore_ament_install']
[0.696s] Level 1:colcon.colcon_core.package_identification:_identify(ros_ws/src/sparse_skin) by extension 'ignore'
[0.696s] Level 1:colcon.colcon_core.package_identification:_identify(ros_ws/src/sparse_skin) by extension 'ignore_ament_install'
[0.696s] Level 1:colcon.colcon_core.package_identification:_identify(ros_ws/src/sparse_skin) by extensions ['colcon_pkg']
[0.696s] Level 1:colcon.colcon_core.package_identification:_identify(ros_ws/src/sparse_skin) by extension 'colcon_pkg'
[0.696s] Level 1:colcon.colcon_core.package_identification:_identify(ros_ws/src/sparse_skin) by extensions ['colcon_meta']
[0.696s] Level 1:colcon.colcon_core.package_identification:_identify(ros_ws/src/sparse_skin) by extension 'colcon_meta'
[0.696s] Level 1:colcon.colcon_core.package_identification:_identify(ros_ws/src/sparse_skin) by extensions ['ros']
[0.696s] Level 1:colcon.colcon_core.package_identification:_identify(ros_ws/src/sparse_skin) by extension 'ros'
[0.696s] Level 1:colcon.colcon_core.package_identification:_identify(ros_ws/src/sparse_skin) by extensions ['cmake', 'python']
[0.696s] Level 1:colcon.colcon_core.package_identification:_identify(ros_ws/src/sparse_skin) by extension 'cmake'
[0.696s] Level 1:colcon.colcon_core.package_identification:_identify(ros_ws/src/sparse_skin) by extension 'python'
[0.697s] Level 1:colcon.colcon_core.package_identification:_identify(ros_ws/src/sparse_skin) by extensions ['python_setup_py']
[0.697s] Level 1:colcon.colcon_core.package_identification:_identify(ros_ws/src/sparse_skin) by extension 'python_setup_py'
[0.697s] Level 1:colcon.colcon_core.package_identification:_identify(ros_ws/src/sparse_skin/sparsh-multisensory-touch) by extensions ['ignore', 'ignore_ament_install']
[0.697s] Level 1:colcon.colcon_core.package_identification:_identify(ros_ws/src/sparse_skin/sparsh-multisensory-touch) by extension 'ignore'
[0.697s] Level 1:colcon.colcon_core.package_identification:_identify(ros_ws/src/sparse_skin/sparsh-multisensory-touch) by extension 'ignore_ament_install'
[0.697s] Level 1:colcon.colcon_core.package_identification:_identify(ros_ws/src/sparse_skin/sparsh-multisensory-touch) by extensions ['colcon_pkg']
[0.697s] Level 1:colcon.colcon_core.package_identification:_identify(ros_ws/src/sparse_skin/sparsh-multisensory-touch) by extension 'colcon_pkg'
[0.697s] Level 1:colcon.colcon_core.package_identification:_identify(ros_ws/src/sparse_skin/sparsh-multisensory-touch) by extensions ['colcon_meta']
[0.697s] Level 1:colcon.colcon_core.package_identification:_identify(ros_ws/src/sparse_skin/sparsh-multisensory-touch) by extension 'colcon_meta'
[0.697s] Level 1:colcon.colcon_core.package_identification:_identify(ros_ws/src/sparse_skin/sparsh-multisensory-touch) by extensions ['ros']
[0.698s] Level 1:colcon.colcon_core.package_identification:_identify(ros_ws/src/sparse_skin/sparsh-multisensory-touch) by extension 'ros'
[0.698s] Level 1:colcon.colcon_core.package_identification:_identify(ros_ws/src/sparse_skin/sparsh-multisensory-touch) by extensions ['cmake', 'python']
[0.698s] Level 1:colcon.colcon_core.package_identification:_identify(ros_ws/src/sparse_skin/sparsh-multisensory-touch) by extension 'cmake'
[0.698s] Level 1:colcon.colcon_core.package_identification:_identify(ros_ws/src/sparse_skin/sparsh-multisensory-touch) by extension 'python'
[0.698s] DEBUG:colcon.colcon_core.package_identification:Python package in 'ros_ws/src/sparse_skin/sparsh-multisensory-touch' passes arguments to the setup() function which requires a different identification extension than 'python'
[0.698s] Level 1:colcon.colcon_core.package_identification:_identify(ros_ws/src/sparse_skin/sparsh-multisensory-touch) by extensions ['python_setup_py']
[0.698s] Level 1:colcon.colcon_core.package_identification:_identify(ros_ws/src/sparse_skin/sparsh-multisensory-touch) by extension 'python_setup_py'
[1.076s] DEBUG:colcon.colcon_core.package_identification:Package 'ros_ws/src/sparse_skin/sparsh-multisensory-touch' with type 'python' and name 'tactile_ssl'
[1.076s] Level 1:colcon.colcon_core.package_identification:_identify(ros_ws/src/sparse_skin/xela_sparshskin) by extensions ['ignore', 'ignore_ament_install']
[1.076s] Level 1:colcon.colcon_core.package_identification:_identify(ros_ws/src/sparse_skin/xela_sparshskin) by extension 'ignore'
[1.076s] Level 1:colcon.colcon_core.package_identification:_identify(ros_ws/src/sparse_skin/xela_sparshskin) by extension 'ignore_ament_install'
[1.076s] Level 1:colcon.colcon_core.package_identification:_identify(ros_ws/src/sparse_skin/xela_sparshskin) by extensions ['colcon_pkg']
[1.077s] Level 1:colcon.colcon_core.package_identification:_identify(ros_ws/src/sparse_skin/xela_sparshskin) by extension 'colcon_pkg'
[1.077s] Level 1:colcon.colcon_core.package_identification:_identify(ros_ws/src/sparse_skin/xela_sparshskin) by extensions ['colcon_meta']
[1.077s] Level 1:colcon.colcon_core.package_identification:_identify(ros_ws/src/sparse_skin/xela_sparshskin) by extension 'colcon_meta'
[1.077s] Level 1:colcon.colcon_core.package_identification:_identify(ros_ws/src/sparse_skin/xela_sparshskin) by extensions ['ros']
[1.077s] Level 1:colcon.colcon_core.package_identification:_identify(ros_ws/src/sparse_skin/xela_sparshskin) by extension 'ros'
[1.077s] Level 1:colcon.colcon_core.package_identification:_identify(ros_ws/src/sparse_skin/xela_sparshskin) by extensions ['cmake', 'python']
[1.077s] Level 1:colcon.colcon_core.package_identification:_identify(ros_ws/src/sparse_skin/xela_sparshskin) by extension 'cmake'
[1.077s] Level 1:colcon.colcon_core.package_identification:_identify(ros_ws/src/sparse_skin/xela_sparshskin) by extension 'python'
[1.077s] Level 1:colcon.colcon_core.package_identification:_identify(ros_ws/src/sparse_skin/xela_sparshskin) by extensions ['python_setup_py']
[1.077s] Level 1:colcon.colcon_core.package_identification:_identify(ros_ws/src/sparse_skin/xela_sparshskin) by extension 'python_setup_py'
[1.077s] Level 1:colcon.colcon_core.package_identification:_identify(ros_ws/src/sparse_skin/xela_sparshskin/xela_sparshskin_sim) by extensions ['ignore', 'ignore_ament_install']
[1.078s] Level 1:colcon.colcon_core.package_identification:_identify(ros_ws/src/sparse_skin/xela_sparshskin/xela_sparshskin_sim) by extension 'ignore'
[1.078s] Level 1:colcon.colcon_core.package_identification:_identify(ros_ws/src/sparse_skin/xela_sparshskin/xela_sparshskin_sim) by extension 'ignore_ament_install'
[1.078s] Level 1:colcon.colcon_core.package_identification:_identify(ros_ws/src/sparse_skin/xela_sparshskin/xela_sparshskin_sim) by extensions ['colcon_pkg']
[1.078s] Level 1:colcon.colcon_core.package_identification:_identify(ros_ws/src/sparse_skin/xela_sparshskin/xela_sparshskin_sim) by extension 'colcon_pkg'
[1.078s] Level 1:colcon.colcon_core.package_identification:_identify(ros_ws/src/sparse_skin/xela_sparshskin/xela_sparshskin_sim) by extensions ['colcon_meta']
[1.078s] Level 1:colcon.colcon_core.package_identification:_identify(ros_ws/src/sparse_skin/xela_sparshskin/xela_sparshskin_sim) by extension 'colcon_meta'
[1.078s] Level 1:colcon.colcon_core.package_identification:_identify(ros_ws/src/sparse_skin/xela_sparshskin/xela_sparshskin_sim) by extensions ['ros']
[1.078s] Level 1:colcon.colcon_core.package_identification:_identify(ros_ws/src/sparse_skin/xela_sparshskin/xela_sparshskin_sim) by extension 'ros'
[1.080s] DEBUG:colcon.colcon_core.package_identification:Package 'ros_ws/src/sparse_skin/xela_sparshskin/xela_sparshskin_sim' with type 'ros.ament_cmake' and name 'xela_sparshskin_sim'
[1.080s] Level 1:colcon.colcon_core.package_identification:_identify(ros_ws/src/xela_data_collection) by extensions ['ignore', 'ignore_ament_install']
[1.081s] Level 1:colcon.colcon_core.package_identification:_identify(ros_ws/src/xela_data_collection) by extension 'ignore'
[1.081s] Level 1:colcon.colcon_core.package_identification:_identify(ros_ws/src/xela_data_collection) by extension 'ignore_ament_install'
[1.081s] Level 1:colcon.colcon_core.package_identification:_identify(ros_ws/src/xela_data_collection) by extensions ['colcon_pkg']
[1.081s] Level 1:colcon.colcon_core.package_identification:_identify(ros_ws/src/xela_data_collection) by extension 'colcon_pkg'
[1.081s] Level 1:colcon.colcon_core.package_identification:_identify(ros_ws/src/xela_data_collection) by extensions ['colcon_meta']
[1.081s] Level 1:colcon.colcon_core.package_identification:_identify(ros_ws/src/xela_data_collection) by extension 'colcon_meta'
[1.081s] Level 1:colcon.colcon_core.package_identification:_identify(ros_ws/src/xela_data_collection) by extensions ['ros']
[1.081s] Level 1:colcon.colcon_core.package_identification:_identify(ros_ws/src/xela_data_collection) by extension 'ros'
[1.083s] DEBUG:colcon.colcon_core.package_identification:Package 'ros_ws/src/xela_data_collection' with type 'ros.ament_python' and name 'xela_data_collection'
[1.083s] Level 1:colcon.colcon_core.package_identification:_identify(ros_ws/src/xela_description) by extensions ['ignore', 'ignore_ament_install']
[1.083s] Level 1:colcon.colcon_core.package_identification:_identify(ros_ws/src/xela_description) by extension 'ignore'
[1.083s] Level 1:colcon.colcon_core.package_identification:_identify(ros_ws/src/xela_description) by extension 'ignore_ament_install'
[1.083s] Level 1:colcon.colcon_core.package_identification:_identify(ros_ws/src/xela_description) by extensions ['colcon_pkg']
[1.083s] Level 1:colcon.colcon_core.package_identification:_identify(ros_ws/src/xela_description) by extension 'colcon_pkg'
[1.083s] Level 1:colcon.colcon_core.package_identification:_identify(ros_ws/src/xela_description) by extensions ['colcon_meta']
[1.084s] Level 1:colcon.colcon_core.package_identification:_identify(ros_ws/src/xela_description) by extension 'colcon_meta'
[1.084s] Level 1:colcon.colcon_core.package_identification:_identify(ros_ws/src/xela_description) by extensions ['ros']
[1.084s] Level 1:colcon.colcon_core.package_identification:_identify(ros_ws/src/xela_description) by extension 'ros'
[1.085s] DEBUG:colcon.colcon_core.package_identification:Package 'ros_ws/src/xela_description' with type 'ros.ament_python' and name 'xela_description'
[1.085s] Level 1:colcon.colcon_core.package_identification:_identify(ros_ws/src/xela_models) by extensions ['ignore', 'ignore_ament_install']
[1.085s] Level 1:colcon.colcon_core.package_identification:_identify(ros_ws/src/xela_models) by extension 'ignore'
[1.085s] Level 1:colcon.colcon_core.package_identification:_identify(ros_ws/src/xela_models) by extension 'ignore_ament_install'
[1.086s] Level 1:colcon.colcon_core.package_identification:_identify(ros_ws/src/xela_models) by extensions ['colcon_pkg']
[1.086s] Level 1:colcon.colcon_core.package_identification:_identify(ros_ws/src/xela_models) by extension 'colcon_pkg'
[1.086s] Level 1:colcon.colcon_core.package_identification:_identify(ros_ws/src/xela_models) by extensions ['colcon_meta']
[1.086s] Level 1:colcon.colcon_core.package_identification:_identify(ros_ws/src/xela_models) by extension 'colcon_meta'
[1.086s] Level 1:colcon.colcon_core.package_identification:_identify(ros_ws/src/xela_models) by extensions ['ros']
[1.086s] Level 1:colcon.colcon_core.package_identification:_identify(ros_ws/src/xela_models) by extension 'ros'
[1.086s] Level 1:colcon.colcon_core.package_identification:_identify(ros_ws/src/xela_models) by extensions ['cmake', 'python']
[1.086s] Level 1:colcon.colcon_core.package_identification:_identify(ros_ws/src/xela_models) by extension 'cmake'
[1.086s] Level 1:colcon.colcon_core.package_identification:_identify(ros_ws/src/xela_models) by extension 'python'
[1.086s] Level 1:colcon.colcon_core.package_identification:_identify(ros_ws/src/xela_models) by extensions ['python_setup_py']
[1.086s] Level 1:colcon.colcon_core.package_identification:_identify(ros_ws/src/xela_models) by extension 'python_setup_py'
[1.087s] Level 1:colcon.colcon_core.package_identification:_identify(ros_ws/src/xela_models/xela_models) by extensions ['ignore', 'ignore_ament_install']
[1.087s] Level 1:colcon.colcon_core.package_identification:_identify(ros_ws/src/xela_models/xela_models) by extension 'ignore'
[1.087s] Level 1:colcon.colcon_core.package_identification:_identify(ros_ws/src/xela_models/xela_models) by extension 'ignore_ament_install'
[1.087s] Level 1:colcon.colcon_core.package_identification:_identify(ros_ws/src/xela_models/xela_models) by extensions ['colcon_pkg']
[1.087s] Level 1:colcon.colcon_core.package_identification:_identify(ros_ws/src/xela_models/xela_models) by extension 'colcon_pkg'
[1.087s] Level 1:colcon.colcon_core.package_identification:_identify(ros_ws/src/xela_models/xela_models) by extensions ['colcon_meta']
[1.087s] Level 1:colcon.colcon_core.package_identification:_identify(ros_ws/src/xela_models/xela_models) by extension 'colcon_meta'
[1.087s] Level 1:colcon.colcon_core.package_identification:_identify(ros_ws/src/xela_models/xela_models) by extensions ['ros']
[1.087s] Level 1:colcon.colcon_core.package_identification:_identify(ros_ws/src/xela_models/xela_models) by extension 'ros'
[1.088s] DEBUG:colcon.colcon_core.package_identification:Package 'ros_ws/src/xela_models/xela_models' with type 'ros.ament_cmake' and name 'xela_models'
[1.089s] Level 1:colcon.colcon_core.package_identification:_identify(ros_ws/src/xela_models/xela_pybullet_viewer) by extensions ['ignore', 'ignore_ament_install']
[1.089s] Level 1:colcon.colcon_core.package_identification:_identify(ros_ws/src/xela_models/xela_pybullet_viewer) by extension 'ignore'
[1.089s] Level 1:colcon.colcon_core.package_identification:_identify(ros_ws/src/xela_models/xela_pybullet_viewer) by extension 'ignore_ament_install'
[1.089s] Level 1:colcon.colcon_core.package_identification:_identify(ros_ws/src/xela_models/xela_pybullet_viewer) by extensions ['colcon_pkg']
[1.089s] Level 1:colcon.colcon_core.package_identification:_identify(ros_ws/src/xela_models/xela_pybullet_viewer) by extension 'colcon_pkg'
[1.089s] Level 1:colcon.colcon_core.package_identification:_identify(ros_ws/src/xela_models/xela_pybullet_viewer) by extensions ['colcon_meta']
[1.089s] Level 1:colcon.colcon_core.package_identification:_identify(ros_ws/src/xela_models/xela_pybullet_viewer) by extension 'colcon_meta'
[1.089s] Level 1:colcon.colcon_core.package_identification:_identify(ros_ws/src/xela_models/xela_pybullet_viewer) by extensions ['ros']
[1.089s] Level 1:colcon.colcon_core.package_identification:_identify(ros_ws/src/xela_models/xela_pybullet_viewer) by extension 'ros'
[1.090s] DEBUG:colcon.colcon_core.package_identification:Package 'ros_ws/src/xela_models/xela_pybullet_viewer' with type 'ros.ament_python' and name 'xela_pybullet_viewer'
[1.091s] Level 1:colcon.colcon_core.package_identification:_identify(ros_ws/src/xela_point_cloud_representation) by extensions ['ignore', 'ignore_ament_install']
[1.091s] Level 1:colcon.colcon_core.package_identification:_identify(ros_ws/src/xela_point_cloud_representation) by extension 'ignore'
[1.091s] Level 1:colcon.colcon_core.package_identification:_identify(ros_ws/src/xela_point_cloud_representation) by extension 'ignore_ament_install'
[1.091s] Level 1:colcon.colcon_core.package_identification:_identify(ros_ws/src/xela_point_cloud_representation) by extensions ['colcon_pkg']
[1.091s] Level 1:colcon.colcon_core.package_identification:_identify(ros_ws/src/xela_point_cloud_representation) by extension 'colcon_pkg'
[1.091s] Level 1:colcon.colcon_core.package_identification:_identify(ros_ws/src/xela_point_cloud_representation) by extensions ['colcon_meta']
[1.091s] Level 1:colcon.colcon_core.package_identification:_identify(ros_ws/src/xela_point_cloud_representation) by extension 'colcon_meta'
[1.091s] Level 1:colcon.colcon_core.package_identification:_identify(ros_ws/src/xela_point_cloud_representation) by extensions ['ros']
[1.091s] Level 1:colcon.colcon_core.package_identification:_identify(ros_ws/src/xela_point_cloud_representation) by extension 'ros'
[1.093s] DEBUG:colcon.colcon_core.package_identification:Package 'ros_ws/src/xela_point_cloud_representation' with type 'ros.ament_cmake' and name 'xela_point_cloud_representation'
[1.094s] Level 1:colcon.colcon_core.package_identification:_identify(ros_ws/src/xela_server_ros2) by extensions ['ignore', 'ignore_ament_install']
[1.094s] Level 1:colcon.colcon_core.package_identification:_identify(ros_ws/src/xela_server_ros2) by extension 'ignore'
[1.094s] Level 1:colcon.colcon_core.package_identification:_identify(ros_ws/src/xela_server_ros2) by extension 'ignore_ament_install'
[1.094s] Level 1:colcon.colcon_core.package_identification:_identify(ros_ws/src/xela_server_ros2) by extensions ['colcon_pkg']
[1.094s] Level 1:colcon.colcon_core.package_identification:_identify(ros_ws/src/xela_server_ros2) by extension 'colcon_pkg'
[1.094s] Level 1:colcon.colcon_core.package_identification:_identify(ros_ws/src/xela_server_ros2) by extensions ['colcon_meta']
[1.095s] Level 1:colcon.colcon_core.package_identification:_identify(ros_ws/src/xela_server_ros2) by extension 'colcon_meta'
[1.095s] Level 1:colcon.colcon_core.package_identification:_identify(ros_ws/src/xela_server_ros2) by extensions ['ros']
[1.095s] Level 1:colcon.colcon_core.package_identification:_identify(ros_ws/src/xela_server_ros2) by extension 'ros'
[1.098s] DEBUG:colcon.colcon_core.package_identification:Package 'ros_ws/src/xela_server_ros2' with type 'ros.ament_cmake' and name 'xela_server_ros2'
[1.098s] Level 1:colcon.colcon_core.package_identification:_identify(ros_ws/src/xela_telelop) by extensions ['ignore', 'ignore_ament_install']
[1.098s] Level 1:colcon.colcon_core.package_identification:_identify(ros_ws/src/xela_telelop) by extension 'ignore'
[1.098s] Level 1:colcon.colcon_core.package_identification:_identify(ros_ws/src/xela_telelop) by extension 'ignore_ament_install'
[1.098s] Level 1:colcon.colcon_core.package_identification:_identify(ros_ws/src/xela_telelop) by extensions ['colcon_pkg']
[1.099s] Level 1:colcon.colcon_core.package_identification:_identify(ros_ws/src/xela_telelop) by extension 'colcon_pkg'
[1.099s] Level 1:colcon.colcon_core.package_identification:_identify(ros_ws/src/xela_telelop) by extensions ['colcon_meta']
[1.099s] Level 1:colcon.colcon_core.package_identification:_identify(ros_ws/src/xela_telelop) by extension 'colcon_meta'
[1.099s] Level 1:colcon.colcon_core.package_identification:_identify(ros_ws/src/xela_telelop) by extensions ['ros']
[1.099s] Level 1:colcon.colcon_core.package_identification:_identify(ros_ws/src/xela_telelop) by extension 'ros'
[1.099s] Level 1:colcon.colcon_core.package_identification:_identify(ros_ws/src/xela_telelop) by extensions ['cmake', 'python']
[1.099s] Level 1:colcon.colcon_core.package_identification:_identify(ros_ws/src/xela_telelop) by extension 'cmake'
[1.099s] Level 1:colcon.colcon_core.package_identification:_identify(ros_ws/src/xela_telelop) by extension 'python'
[1.099s] Level 1:colcon.colcon_core.package_identification:_identify(ros_ws/src/xela_telelop) by extensions ['python_setup_py']
[1.099s] Level 1:colcon.colcon_core.package_identification:_identify(ros_ws/src/xela_telelop) by extension 'python_setup_py'
[1.100s] Level 1:colcon.colcon_core.package_identification:_identify(ros_ws/src/xela_telelop/dex_retargeting) by extensions ['ignore', 'ignore_ament_install']
[1.100s] Level 1:colcon.colcon_core.package_identification:_identify(ros_ws/src/xela_telelop/dex_retargeting) by extension 'ignore'
[1.100s] Level 1:colcon.colcon_core.package_identification:_identify(ros_ws/src/xela_telelop/dex_retargeting) by extension 'ignore_ament_install'
[1.100s] Level 1:colcon.colcon_core.package_identification:_identify(ros_ws/src/xela_telelop/dex_retargeting) by extensions ['colcon_pkg']
[1.100s] Level 1:colcon.colcon_core.package_identification:_identify(ros_ws/src/xela_telelop/dex_retargeting) by extension 'colcon_pkg'
[1.100s] Level 1:colcon.colcon_core.package_identification:_identify(ros_ws/src/xela_telelop/dex_retargeting) by extensions ['colcon_meta']
[1.100s] Level 1:colcon.colcon_core.package_identification:_identify(ros_ws/src/xela_telelop/dex_retargeting) by extension 'colcon_meta'
[1.100s] Level 1:colcon.colcon_core.package_identification:_identify(ros_ws/src/xela_telelop/dex_retargeting) by extensions ['ros']
[1.100s] Level 1:colcon.colcon_core.package_identification:_identify(ros_ws/src/xela_telelop/dex_retargeting) by extension 'ros'
[1.102s] DEBUG:colcon.colcon_core.package_identification:Package 'ros_ws/src/xela_telelop/dex_retargeting' with type 'ros.ament_python' and name 'dex_retargeting'
[1.102s] Level 1:colcon.colcon_core.package_identification:_identify(ros_ws/src/xela_telelop/oculusTeleop) by extensions ['ignore', 'ignore_ament_install']
[1.102s] Level 1:colcon.colcon_core.package_identification:_identify(ros_ws/src/xela_telelop/oculusTeleop) by extension 'ignore'
[1.102s] Level 1:colcon.colcon_core.package_identification:_identify(ros_ws/src/xela_telelop/oculusTeleop) by extension 'ignore_ament_install'
[1.103s] Level 1:colcon.colcon_core.package_identification:_identify(ros_ws/src/xela_telelop/oculusTeleop) by extensions ['colcon_pkg']
[1.103s] Level 1:colcon.colcon_core.package_identification:_identify(ros_ws/src/xela_telelop/oculusTeleop) by extension 'colcon_pkg'
[1.103s] Level 1:colcon.colcon_core.package_identification:_identify(ros_ws/src/xela_telelop/oculusTeleop) by extensions ['colcon_meta']
[1.103s] Level 1:colcon.colcon_core.package_identification:_identify(ros_ws/src/xela_telelop/oculusTeleop) by extension 'colcon_meta'
[1.103s] Level 1:colcon.colcon_core.package_identification:_identify(ros_ws/src/xela_telelop/oculusTeleop) by extensions ['ros']
[1.103s] Level 1:colcon.colcon_core.package_identification:_identify(ros_ws/src/xela_telelop/oculusTeleop) by extension 'ros'
[1.105s] DEBUG:colcon.colcon_core.package_identification:Package 'ros_ws/src/xela_telelop/oculusTeleop' with type 'ros.ament_python' and name 'oculusTeleop'
[1.105s] Level 1:colcon.colcon_core.package_identification:_identify(shell) by extensions ['ignore', 'ignore_ament_install']
[1.105s] Level 1:colcon.colcon_core.package_identification:_identify(shell) by extension 'ignore'
[1.105s] Level 1:colcon.colcon_core.package_identification:_identify(shell) by extension 'ignore_ament_install'
[1.105s] Level 1:colcon.colcon_core.package_identification:_identify(shell) by extensions ['colcon_pkg']
[1.106s] Level 1:colcon.colcon_core.package_identification:_identify(shell) by extension 'colcon_pkg'
[1.106s] Level 1:colcon.colcon_core.package_identification:_identify(shell) by extensions ['colcon_meta']
[1.106s] Level 1:colcon.colcon_core.package_identification:_identify(shell) by extension 'colcon_meta'
[1.106s] Level 1:colcon.colcon_core.package_identification:_identify(shell) by extensions ['ros']
[1.106s] Level 1:colcon.colcon_core.package_identification:_identify(shell) by extension 'ros'
[1.106s] Level 1:colcon.colcon_core.package_identification:_identify(shell) by extensions ['cmake', 'python']
[1.106s] Level 1:colcon.colcon_core.package_identification:_identify(shell) by extension 'cmake'
[1.106s] Level 1:colcon.colcon_core.package_identification:_identify(shell) by extension 'python'
[1.106s] Level 1:colcon.colcon_core.package_identification:_identify(shell) by extensions ['python_setup_py']
[1.106s] Level 1:colcon.colcon_core.package_identification:_identify(shell) by extension 'python_setup_py'
[1.106s] Level 1:colcon.colcon_core.package_identification:_identify(shell/linux_1.8.0_208601) by extensions ['ignore', 'ignore_ament_install']
[1.106s] Level 1:colcon.colcon_core.package_identification:_identify(shell/linux_1.8.0_208601) by extension 'ignore'
[1.107s] Level 1:colcon.colcon_core.package_identification:_identify(shell/linux_1.8.0_208601) by extension 'ignore_ament_install'
[1.107s] Level 1:colcon.colcon_core.package_identification:_identify(shell/linux_1.8.0_208601) by extensions ['colcon_pkg']
[1.107s] Level 1:colcon.colcon_core.package_identification:_identify(shell/linux_1.8.0_208601) by extension 'colcon_pkg'
[1.107s] Level 1:colcon.colcon_core.package_identification:_identify(shell/linux_1.8.0_208601) by extensions ['colcon_meta']
[1.107s] Level 1:colcon.colcon_core.package_identification:_identify(shell/linux_1.8.0_208601) by extension 'colcon_meta'
[1.107s] Level 1:colcon.colcon_core.package_identification:_identify(shell/linux_1.8.0_208601) by extensions ['ros']
[1.107s] Level 1:colcon.colcon_core.package_identification:_identify(shell/linux_1.8.0_208601) by extension 'ros'
[1.108s] Level 1:colcon.colcon_core.package_identification:_identify(shell/linux_1.8.0_208601) by extensions ['cmake', 'python']
[1.108s] Level 1:colcon.colcon_core.package_identification:_identify(shell/linux_1.8.0_208601) by extension 'cmake'
[1.108s] Level 1:colcon.colcon_core.package_identification:_identify(shell/linux_1.8.0_208601) by extension 'python'
[1.108s] Level 1:colcon.colcon_core.package_identification:_identify(shell/linux_1.8.0_208601) by extensions ['python_setup_py']
[1.108s] Level 1:colcon.colcon_core.package_identification:_identify(shell/linux_1.8.0_208601) by extension 'python_setup_py'
[1.108s] Level 1:colcon.colcon_core.package_identification:_identify(shell/linux_1.8.0_208601/LOG) by extensions ['ignore', 'ignore_ament_install']
[1.108s] Level 1:colcon.colcon_core.package_identification:_identify(shell/linux_1.8.0_208601/LOG) by extension 'ignore'
[1.109s] Level 1:colcon.colcon_core.package_identification:_identify(shell/linux_1.8.0_208601/LOG) by extension 'ignore_ament_install'
[1.109s] Level 1:colcon.colcon_core.package_identification:_identify(shell/linux_1.8.0_208601/LOG) by extensions ['colcon_pkg']
[1.109s] Level 1:colcon.colcon_core.package_identification:_identify(shell/linux_1.8.0_208601/LOG) by extension 'colcon_pkg'
[1.109s] Level 1:colcon.colcon_core.package_identification:_identify(shell/linux_1.8.0_208601/LOG) by extensions ['colcon_meta']
[1.109s] Level 1:colcon.colcon_core.package_identification:_identify(shell/linux_1.8.0_208601/LOG) by extension 'colcon_meta'
[1.109s] Level 1:colcon.colcon_core.package_identification:_identify(shell/linux_1.8.0_208601/LOG) by extensions ['ros']
[1.109s] Level 1:colcon.colcon_core.package_identification:_identify(shell/linux_1.8.0_208601/LOG) by extension 'ros'
[1.109s] Level 1:colcon.colcon_core.package_identification:_identify(shell/linux_1.8.0_208601/LOG) by extensions ['cmake', 'python']
[1.109s] Level 1:colcon.colcon_core.package_identification:_identify(shell/linux_1.8.0_208601/LOG) by extension 'cmake'
[1.109s] Level 1:colcon.colcon_core.package_identification:_identify(shell/linux_1.8.0_208601/LOG) by extension 'python'
[1.109s] Level 1:colcon.colcon_core.package_identification:_identify(shell/linux_1.8.0_208601/LOG) by extensions ['python_setup_py']
[1.109s] Level 1:colcon.colcon_core.package_identification:_identify(shell/linux_1.8.0_208601/LOG) by extension 'python_setup_py'
[1.110s] Level 1:colcon.colcon_core.package_identification:_identify(teleop_xr) by extensions ['ignore', 'ignore_ament_install']
[1.110s] Level 1:colcon.colcon_core.package_identification:_identify(teleop_xr) by extension 'ignore'
[1.110s] Level 1:colcon.colcon_core.package_identification:_identify(teleop_xr) by extension 'ignore_ament_install'
[1.110s] Level 1:colcon.colcon_core.package_identification:_identify(teleop_xr) by extensions ['colcon_pkg']
[1.110s] Level 1:colcon.colcon_core.package_identification:_identify(teleop_xr) by extension 'colcon_pkg'
[1.110s] Level 1:colcon.colcon_core.package_identification:_identify(teleop_xr) by extensions ['colcon_meta']
[1.110s] Level 1:colcon.colcon_core.package_identification:_identify(teleop_xr) by extension 'colcon_meta'
[1.110s] Level 1:colcon.colcon_core.package_identification:_identify(teleop_xr) by extensions ['ros']
[1.110s] Level 1:colcon.colcon_core.package_identification:_identify(teleop_xr) by extension 'ros'
[1.110s] Level 1:colcon.colcon_core.package_identification:_identify(teleop_xr) by extensions ['cmake', 'python']
[1.110s] Level 1:colcon.colcon_core.package_identification:_identify(teleop_xr) by extension 'cmake'
[1.110s] Level 1:colcon.colcon_core.package_identification:_identify(teleop_xr) by extension 'python'
[1.110s] Level 1:colcon.colcon_core.package_identification:_identify(teleop_xr) by extensions ['python_setup_py']
[1.111s] Level 1:colcon.colcon_core.package_identification:_identify(teleop_xr) by extension 'python_setup_py'
[1.111s] Level 1:colcon.colcon_core.package_identification:_identify(teleop_xr/Bidex_VisionPro_Teleop) by extensions ['ignore', 'ignore_ament_install']
[1.111s] Level 1:colcon.colcon_core.package_identification:_identify(teleop_xr/Bidex_VisionPro_Teleop) by extension 'ignore'
[1.111s] Level 1:colcon.colcon_core.package_identification:_identify(teleop_xr/Bidex_VisionPro_Teleop) by extension 'ignore_ament_install'
[1.111s] Level 1:colcon.colcon_core.package_identification:_identify(teleop_xr/Bidex_VisionPro_Teleop) by extensions ['colcon_pkg']
[1.111s] Level 1:colcon.colcon_core.package_identification:_identify(teleop_xr/Bidex_VisionPro_Teleop) by extension 'colcon_pkg'
[1.111s] Level 1:colcon.colcon_core.package_identification:_identify(teleop_xr/Bidex_VisionPro_Teleop) by extensions ['colcon_meta']
[1.111s] Level 1:colcon.colcon_core.package_identification:_identify(teleop_xr/Bidex_VisionPro_Teleop) by extension 'colcon_meta'
[1.111s] Level 1:colcon.colcon_core.package_identification:_identify(teleop_xr/Bidex_VisionPro_Teleop) by extensions ['ros']
[1.111s] Level 1:colcon.colcon_core.package_identification:_identify(teleop_xr/Bidex_VisionPro_Teleop) by extension 'ros'
[1.112s] Level 1:colcon.colcon_core.package_identification:_identify(teleop_xr/Bidex_VisionPro_Teleop) by extensions ['cmake', 'python']
[1.112s] Level 1:colcon.colcon_core.package_identification:_identify(teleop_xr/Bidex_VisionPro_Teleop) by extension 'cmake'
[1.112s] Level 1:colcon.colcon_core.package_identification:_identify(teleop_xr/Bidex_VisionPro_Teleop) by extension 'python'
[1.112s] Level 1:colcon.colcon_core.package_identification:_identify(teleop_xr/Bidex_VisionPro_Teleop) by extensions ['python_setup_py']
[1.112s] Level 1:colcon.colcon_core.package_identification:_identify(teleop_xr/Bidex_VisionPro_Teleop) by extension 'python_setup_py'
[1.112s] Level 1:colcon.colcon_core.package_identification:_identify(teleop_xr/Bidex_VisionPro_Teleop/__pycache__) by extensions ['ignore', 'ignore_ament_install']
[1.112s] Level 1:colcon.colcon_core.package_identification:_identify(teleop_xr/Bidex_VisionPro_Teleop/__pycache__) by extension 'ignore'
[1.113s] Level 1:colcon.colcon_core.package_identification:_identify(teleop_xr/Bidex_VisionPro_Teleop/__pycache__) by extension 'ignore_ament_install'
[1.113s] Level 1:colcon.colcon_core.package_identification:_identify(teleop_xr/Bidex_VisionPro_Teleop/__pycache__) by extensions ['colcon_pkg']
[1.113s] Level 1:colcon.colcon_core.package_identification:_identify(teleop_xr/Bidex_VisionPro_Teleop/__pycache__) by extension 'colcon_pkg'
[1.113s] Level 1:colcon.colcon_core.package_identification:_identify(teleop_xr/Bidex_VisionPro_Teleop/__pycache__) by extensions ['colcon_meta']
[1.113s] Level 1:colcon.colcon_core.package_identification:_identify(teleop_xr/Bidex_VisionPro_Teleop/__pycache__) by extension 'colcon_meta'
[1.113s] Level 1:colcon.colcon_core.package_identification:_identify(teleop_xr/Bidex_VisionPro_Teleop/__pycache__) by extensions ['ros']
[1.113s] Level 1:colcon.colcon_core.package_identification:_identify(teleop_xr/Bidex_VisionPro_Teleop/__pycache__) by extension 'ros'
[1.113s] Level 1:colcon.colcon_core.package_identification:_identify(teleop_xr/Bidex_VisionPro_Teleop/__pycache__) by extensions ['cmake', 'python']
[1.113s] Level 1:colcon.colcon_core.package_identification:_identify(teleop_xr/Bidex_VisionPro_Teleop/__pycache__) by extension 'cmake'
[1.113s] Level 1:colcon.colcon_core.package_identification:_identify(teleop_xr/Bidex_VisionPro_Teleop/__pycache__) by extension 'python'
[1.113s] Level 1:colcon.colcon_core.package_identification:_identify(teleop_xr/Bidex_VisionPro_Teleop/__pycache__) by extensions ['python_setup_py']
[1.114s] Level 1:colcon.colcon_core.package_identification:_identify(teleop_xr/Bidex_VisionPro_Teleop/__pycache__) by extension 'python_setup_py'
[1.114s] Level 1:colcon.colcon_core.package_identification:_identify(teleop_xr/Bidex_VisionPro_Teleop/leapXela_right) by extensions ['ignore', 'ignore_ament_install']
[1.114s] Level 1:colcon.colcon_core.package_identification:_identify(teleop_xr/Bidex_VisionPro_Teleop/leapXela_right) by extension 'ignore'
[1.114s] Level 1:colcon.colcon_core.package_identification:_identify(teleop_xr/Bidex_VisionPro_Teleop/leapXela_right) by extension 'ignore_ament_install'
[1.114s] Level 1:colcon.colcon_core.package_identification:_identify(teleop_xr/Bidex_VisionPro_Teleop/leapXela_right) by extensions ['colcon_pkg']
[1.114s] Level 1:colcon.colcon_core.package_identification:_identify(teleop_xr/Bidex_VisionPro_Teleop/leapXela_right) by extension 'colcon_pkg'
[1.114s] Level 1:colcon.colcon_core.package_identification:_identify(teleop_xr/Bidex_VisionPro_Teleop/leapXela_right) by extensions ['colcon_meta']
[1.114s] Level 1:colcon.colcon_core.package_identification:_identify(teleop_xr/Bidex_VisionPro_Teleop/leapXela_right) by extension 'colcon_meta'
[1.114s] Level 1:colcon.colcon_core.package_identification:_identify(teleop_xr/Bidex_VisionPro_Teleop/leapXela_right) by extensions ['ros']
[1.114s] Level 1:colcon.colcon_core.package_identification:_identify(teleop_xr/Bidex_VisionPro_Teleop/leapXela_right) by extension 'ros'
[1.114s] Level 1:colcon.colcon_core.package_identification:_identify(teleop_xr/Bidex_VisionPro_Teleop/leapXela_right) by extensions ['cmake', 'python']
[1.114s] Level 1:colcon.colcon_core.package_identification:_identify(teleop_xr/Bidex_VisionPro_Teleop/leapXela_right) by extension 'cmake'
[1.115s] Level 1:colcon.colcon_core.package_identification:_identify(teleop_xr/Bidex_VisionPro_Teleop/leapXela_right) by extension 'python'
[1.115s] Level 1:colcon.colcon_core.package_identification:_identify(teleop_xr/Bidex_VisionPro_Teleop/leapXela_right) by extensions ['python_setup_py']
[1.115s] Level 1:colcon.colcon_core.package_identification:_identify(teleop_xr/Bidex_VisionPro_Teleop/leapXela_right) by extension 'python_setup_py'
[1.115s] Level 1:colcon.colcon_core.package_identification:_identify(teleop_xr/Bidex_VisionPro_Teleop/leapXela_right/__pycache__) by extensions ['ignore', 'ignore_ament_install']
[1.115s] Level 1:colcon.colcon_core.package_identification:_identify(teleop_xr/Bidex_VisionPro_Teleop/leapXela_right/__pycache__) by extension 'ignore'
[1.115s] Level 1:colcon.colcon_core.package_identification:_identify(teleop_xr/Bidex_VisionPro_Teleop/leapXela_right/__pycache__) by extension 'ignore_ament_install'
[1.115s] Level 1:colcon.colcon_core.package_identification:_identify(teleop_xr/Bidex_VisionPro_Teleop/leapXela_right/__pycache__) by extensions ['colcon_pkg']
[1.115s] Level 1:colcon.colcon_core.package_identification:_identify(teleop_xr/Bidex_VisionPro_Teleop/leapXela_right/__pycache__) by extension 'colcon_pkg'
[1.115s] Level 1:colcon.colcon_core.package_identification:_identify(teleop_xr/Bidex_VisionPro_Teleop/leapXela_right/__pycache__) by extensions ['colcon_meta']
[1.115s] Level 1:colcon.colcon_core.package_identification:_identify(teleop_xr/Bidex_VisionPro_Teleop/leapXela_right/__pycache__) by extension 'colcon_meta'
[1.115s] Level 1:colcon.colcon_core.package_identification:_identify(teleop_xr/Bidex_VisionPro_Teleop/leapXela_right/__pycache__) by extensions ['ros']
[1.115s] Level 1:colcon.colcon_core.package_identification:_identify(teleop_xr/Bidex_VisionPro_Teleop/leapXela_right/__pycache__) by extension 'ros'
[1.116s] Level 1:colcon.colcon_core.package_identification:_identify(teleop_xr/Bidex_VisionPro_Teleop/leapXela_right/__pycache__) by extensions ['cmake', 'python']
[1.116s] Level 1:colcon.colcon_core.package_identification:_identify(teleop_xr/Bidex_VisionPro_Teleop/leapXela_right/__pycache__) by extension 'cmake'
[1.116s] Level 1:colcon.colcon_core.package_identification:_identify(teleop_xr/Bidex_VisionPro_Teleop/leapXela_right/__pycache__) by extension 'python'
[1.116s] Level 1:colcon.colcon_core.package_identification:_identify(teleop_xr/Bidex_VisionPro_Teleop/leapXela_right/__pycache__) by extensions ['python_setup_py']
[1.116s] Level 1:colcon.colcon_core.package_identification:_identify(teleop_xr/Bidex_VisionPro_Teleop/leapXela_right/__pycache__) by extension 'python_setup_py'
[1.116s] Level 1:colcon.colcon_core.package_identification:_identify(teleop_xr/Bidex_VisionPro_Teleop/leapXela_right/assets) by extensions ['ignore', 'ignore_ament_install']
[1.116s] Level 1:colcon.colcon_core.package_identification:_identify(teleop_xr/Bidex_VisionPro_Teleop/leapXela_right/assets) by extension 'ignore'
[1.116s] Level 1:colcon.colcon_core.package_identification:_identify(teleop_xr/Bidex_VisionPro_Teleop/leapXela_right/assets) by extension 'ignore_ament_install'
[1.116s] Level 1:colcon.colcon_core.package_identification:_identify(teleop_xr/Bidex_VisionPro_Teleop/leapXela_right/assets) by extensions ['colcon_pkg']
[1.116s] Level 1:colcon.colcon_core.package_identification:_identify(teleop_xr/Bidex_VisionPro_Teleop/leapXela_right/assets) by extension 'colcon_pkg'
[1.116s] Level 1:colcon.colcon_core.package_identification:_identify(teleop_xr/Bidex_VisionPro_Teleop/leapXela_right/assets) by extensions ['colcon_meta']
[1.116s] Level 1:colcon.colcon_core.package_identification:_identify(teleop_xr/Bidex_VisionPro_Teleop/leapXela_right/assets) by extension 'colcon_meta'
[1.116s] Level 1:colcon.colcon_core.package_identification:_identify(teleop_xr/Bidex_VisionPro_Teleop/leapXela_right/assets) by extensions ['ros']
[1.117s] Level 1:colcon.colcon_core.package_identification:_identify(teleop_xr/Bidex_VisionPro_Teleop/leapXela_right/assets) by extension 'ros'
[1.117s] Level 1:colcon.colcon_core.package_identification:_identify(teleop_xr/Bidex_VisionPro_Teleop/leapXela_right/assets) by extensions ['cmake', 'python']
[1.117s] Level 1:colcon.colcon_core.package_identification:_identify(teleop_xr/Bidex_VisionPro_Teleop/leapXela_right/assets) by extension 'cmake'
[1.117s] Level 1:colcon.colcon_core.package_identification:_identify(teleop_xr/Bidex_VisionPro_Teleop/leapXela_right/assets) by extension 'python'
[1.117s] Level 1:colcon.colcon_core.package_identification:_identify(teleop_xr/Bidex_VisionPro_Teleop/leapXela_right/assets) by extensions ['python_setup_py']
[1.117s] Level 1:colcon.colcon_core.package_identification:_identify(teleop_xr/Bidex_VisionPro_Teleop/leapXela_right/assets) by extension 'python_setup_py'
[1.117s] Level 1:colcon.colcon_core.package_identification:_identify(teleop_xr/Bidex_VisionPro_Teleop/leap_hand_mesh_left) by extensions ['ignore', 'ignore_ament_install']
[1.117s] Level 1:colcon.colcon_core.package_identification:_identify(teleop_xr/Bidex_VisionPro_Teleop/leap_hand_mesh_left) by extension 'ignore'
[1.117s] Level 1:colcon.colcon_core.package_identification:_identify(teleop_xr/Bidex_VisionPro_Teleop/leap_hand_mesh_left) by extension 'ignore_ament_install'
[1.117s] Level 1:colcon.colcon_core.package_identification:_identify(teleop_xr/Bidex_VisionPro_Teleop/leap_hand_mesh_left) by extensions ['colcon_pkg']
[1.117s] Level 1:colcon.colcon_core.package_identification:_identify(teleop_xr/Bidex_VisionPro_Teleop/leap_hand_mesh_left) by extension 'colcon_pkg'
[1.117s] Level 1:colcon.colcon_core.package_identification:_identify(teleop_xr/Bidex_VisionPro_Teleop/leap_hand_mesh_left) by extensions ['colcon_meta']
[1.118s] Level 1:colcon.colcon_core.package_identification:_identify(teleop_xr/Bidex_VisionPro_Teleop/leap_hand_mesh_left) by extension 'colcon_meta'
[1.118s] Level 1:colcon.colcon_core.package_identification:_identify(teleop_xr/Bidex_VisionPro_Teleop/leap_hand_mesh_left) by extensions ['ros']
[1.118s] Level 1:colcon.colcon_core.package_identification:_identify(teleop_xr/Bidex_VisionPro_Teleop/leap_hand_mesh_left) by extension 'ros'
[1.118s] Level 1:colcon.colcon_core.package_identification:_identify(teleop_xr/Bidex_VisionPro_Teleop/leap_hand_mesh_left) by extensions ['cmake', 'python']
[1.118s] Level 1:colcon.colcon_core.package_identification:_identify(teleop_xr/Bidex_VisionPro_Teleop/leap_hand_mesh_left) by extension 'cmake'
[1.118s] Level 1:colcon.colcon_core.package_identification:_identify(teleop_xr/Bidex_VisionPro_Teleop/leap_hand_mesh_left) by extension 'python'
[1.118s] Level 1:colcon.colcon_core.package_identification:_identify(teleop_xr/Bidex_VisionPro_Teleop/leap_hand_mesh_left) by extensions ['python_setup_py']
[1.118s] Level 1:colcon.colcon_core.package_identification:_identify(teleop_xr/Bidex_VisionPro_Teleop/leap_hand_mesh_left) by extension 'python_setup_py'
[1.118s] Level 1:colcon.colcon_core.package_identification:_identify(teleop_xr/Bidex_VisionPro_Teleop/leap_hand_mesh_right) by extensions ['ignore', 'ignore_ament_install']
[1.118s] Level 1:colcon.colcon_core.package_identification:_identify(teleop_xr/Bidex_VisionPro_Teleop/leap_hand_mesh_right) by extension 'ignore'
[1.118s] Level 1:colcon.colcon_core.package_identification:_identify(teleop_xr/Bidex_VisionPro_Teleop/leap_hand_mesh_right) by extension 'ignore_ament_install'
[1.118s] Level 1:colcon.colcon_core.package_identification:_identify(teleop_xr/Bidex_VisionPro_Teleop/leap_hand_mesh_right) by extensions ['colcon_pkg']
[1.119s] Level 1:colcon.colcon_core.package_identification:_identify(teleop_xr/Bidex_VisionPro_Teleop/leap_hand_mesh_right) by extension 'colcon_pkg'
[1.119s] Level 1:colcon.colcon_core.package_identification:_identify(teleop_xr/Bidex_VisionPro_Teleop/leap_hand_mesh_right) by extensions ['colcon_meta']
[1.119s] Level 1:colcon.colcon_core.package_identification:_identify(teleop_xr/Bidex_VisionPro_Teleop/leap_hand_mesh_right) by extension 'colcon_meta'
[1.119s] Level 1:colcon.colcon_core.package_identification:_identify(teleop_xr/Bidex_VisionPro_Teleop/leap_hand_mesh_right) by extensions ['ros']
[1.119s] Level 1:colcon.colcon_core.package_identification:_identify(teleop_xr/Bidex_VisionPro_Teleop/leap_hand_mesh_right) by extension 'ros'
[1.119s] Level 1:colcon.colcon_core.package_identification:_identify(teleop_xr/Bidex_VisionPro_Teleop/leap_hand_mesh_right) by extensions ['cmake', 'python']
[1.119s] Level 1:colcon.colcon_core.package_identification:_identify(teleop_xr/Bidex_VisionPro_Teleop/leap_hand_mesh_right) by extension 'cmake'
[1.119s] Level 1:colcon.colcon_core.package_identification:_identify(teleop_xr/Bidex_VisionPro_Teleop/leap_hand_mesh_right) by extension 'python'
[1.119s] Level 1:colcon.colcon_core.package_identification:_identify(teleop_xr/Bidex_VisionPro_Teleop/leap_hand_mesh_right) by extensions ['python_setup_py']
[1.119s] Level 1:colcon.colcon_core.package_identification:_identify(teleop_xr/Bidex_VisionPro_Teleop/leap_hand_mesh_right) by extension 'python_setup_py'
[1.120s] Level 1:colcon.colcon_core.package_identification:_identify(teleop_xr/OcculusTeleop) by extensions ['ignore', 'ignore_ament_install']
[1.120s] Level 1:colcon.colcon_core.package_identification:_identify(teleop_xr/OcculusTeleop) by extension 'ignore'
[1.120s] Level 1:colcon.colcon_core.package_identification:_identify(teleop_xr/OcculusTeleop) by extension 'ignore_ament_install'
[1.120s] Level 1:colcon.colcon_core.package_identification:_identify(teleop_xr/OcculusTeleop) by extensions ['colcon_pkg']
[1.120s] Level 1:colcon.colcon_core.package_identification:_identify(teleop_xr/OcculusTeleop) by extension 'colcon_pkg'
[1.120s] Level 1:colcon.colcon_core.package_identification:_identify(teleop_xr/OcculusTeleop) by extensions ['colcon_meta']
[1.120s] Level 1:colcon.colcon_core.package_identification:_identify(teleop_xr/OcculusTeleop) by extension 'colcon_meta'
[1.120s] Level 1:colcon.colcon_core.package_identification:_identify(teleop_xr/OcculusTeleop) by extensions ['ros']
[1.120s] Level 1:colcon.colcon_core.package_identification:_identify(teleop_xr/OcculusTeleop) by extension 'ros'
[1.120s] Level 1:colcon.colcon_core.package_identification:_identify(teleop_xr/OcculusTeleop) by extensions ['cmake', 'python']
[1.121s] Level 1:colcon.colcon_core.package_identification:_identify(teleop_xr/OcculusTeleop) by extension 'cmake'
[1.121s] Level 1:colcon.colcon_core.package_identification:_identify(teleop_xr/OcculusTeleop) by extension 'python'
[1.121s] Level 1:colcon.colcon_core.package_identification:_identify(teleop_xr/OcculusTeleop) by extensions ['python_setup_py']
[1.121s] Level 1:colcon.colcon_core.package_identification:_identify(teleop_xr/OcculusTeleop) by extension 'python_setup_py'
[1.121s] Level 1:colcon.colcon_core.package_identification:_identify(teleop_xr/VisionProTeleop) by extensions ['ignore', 'ignore_ament_install']
[1.121s] Level 1:colcon.colcon_core.package_identification:_identify(teleop_xr/VisionProTeleop) by extension 'ignore'
[1.121s] Level 1:colcon.colcon_core.package_identification:_identify(teleop_xr/VisionProTeleop) by extension 'ignore_ament_install'
[1.121s] Level 1:colcon.colcon_core.package_identification:_identify(teleop_xr/VisionProTeleop) by extensions ['colcon_pkg']
[1.121s] Level 1:colcon.colcon_core.package_identification:_identify(teleop_xr/VisionProTeleop) by extension 'colcon_pkg'
[1.121s] Level 1:colcon.colcon_core.package_identification:_identify(teleop_xr/VisionProTeleop) by extensions ['colcon_meta']
[1.121s] Level 1:colcon.colcon_core.package_identification:_identify(teleop_xr/VisionProTeleop) by extension 'colcon_meta'
[1.122s] Level 1:colcon.colcon_core.package_identification:_identify(teleop_xr/VisionProTeleop) by extensions ['ros']
[1.122s] Level 1:colcon.colcon_core.package_identification:_identify(teleop_xr/VisionProTeleop) by extension 'ros'
[1.122s] Level 1:colcon.colcon_core.package_identification:_identify(teleop_xr/VisionProTeleop) by extensions ['cmake', 'python']
[1.122s] Level 1:colcon.colcon_core.package_identification:_identify(teleop_xr/VisionProTeleop) by extension 'cmake'
[1.122s] Level 1:colcon.colcon_core.package_identification:_identify(teleop_xr/VisionProTeleop) by extension 'python'
[1.122s] Level 1:colcon.colcon_core.package_identification:_identify(teleop_xr/VisionProTeleop) by extensions ['python_setup_py']
[1.122s] Level 1:colcon.colcon_core.package_identification:_identify(teleop_xr/VisionProTeleop) by extension 'python_setup_py'
[1.503s] DEBUG:colcon.colcon_core.package_identification:Package 'teleop_xr/VisionProTeleop' with type 'python' and name 'avp_stream'
[1.503s] Level 1:colcon.colcon_core.package_discovery:discover_packages(recursive) using defaults
[1.503s] Level 1:colcon.colcon_core.package_discovery:discover_packages(ignore) discover
[1.504s] Level 1:colcon.colcon_core.package_discovery:discover_packages(ignore) using defaults
[1.504s] Level 1:colcon.colcon_core.package_discovery:discover_packages(path) discover
[1.504s] Level 1:colcon.colcon_core.package_discovery:discover_packages(path) using defaults
[1.569s] INFO:colcon.colcon_core.package_selection:Skipping package 'panda_motion_generators' in 'ros_ws/src/multipanda_ros2/franka_multi_mode_controller/panda_motion_generators'
[1.569s] INFO:colcon.colcon_core.package_selection:Skipping package 'multi_mode_controller_impl' in 'ros_ws/src/multipanda_ros2/franka_multi_mode_controller/multi_mode_controller_impl'
[1.569s] INFO:colcon.colcon_core.package_selection:Skipping package 'multi_mode_controller' in 'ros_ws/src/multipanda_ros2/franka_multi_mode_controller/multi_mode_controller'
[1.569s] INFO:colcon.colcon_core.package_selection:Skipping package 'franka_robot_state_broadcaster' in 'ros_ws/src/multipanda_ros2/franka_robot_state_broadcaster'
[1.570s] INFO:colcon.colcon_core.package_selection:Skipping package 'franka_example_controllers' in 'ros_ws/src/multipanda_ros2/franka_example_controllers'
[1.570s] INFO:colcon.colcon_core.package_selection:Skipping package 'arm_server' in 'ros_ws/src/arm_server'
[1.570s] INFO:colcon.colcon_core.package_selection:Skipping package 'garmi_bringup' in 'ros_ws/src/multipanda_ros2/garmi_packages/garmi_bringup'
[1.570s] INFO:colcon.colcon_core.package_selection:Skipping package 'franka_semantic_components' in 'ros_ws/src/multipanda_ros2/franka_semantic_components'
[1.570s] INFO:colcon.colcon_core.package_selection:Skipping package 'franka_moveit_config' in 'ros_ws/src/multipanda_ros2/franka_moveit_config'
[1.570s] INFO:colcon.colcon_core.package_selection:Skipping package 'franka_bringup' in 'ros_ws/src/multipanda_ros2/franka_bringup'
[1.570s] INFO:colcon.colcon_core.package_selection:Skipping package 'mujoco_ros2_control_system' in 'ros_ws/src/multipanda_ros2/mujoco_ros_pkgs/mujoco_ros2_control_system'
[1.570s] INFO:colcon.colcon_core.package_selection:Skipping package 'franka_hardware' in 'ros_ws/src/multipanda_ros2/franka_hardware'
[1.570s] INFO:colcon.colcon_core.package_selection:Skipping package 'mujoco_ros_pkgs' in 'ros_ws/src/multipanda_ros2/mujoco_ros_pkgs/mujoco_ros_pkgs'
[1.570s] INFO:colcon.colcon_core.package_selection:Skipping package 'mujoco_ros2_sensors' in 'ros_ws/src/multipanda_ros2/mujoco_ros_pkgs/mujoco_ros2_sensors'
[1.570s] INFO:colcon.colcon_core.package_selection:Skipping package 'mujoco_ros2_dummy_plugin' in 'ros_ws/src/multipanda_ros2/mujoco_ros_pkgs/mujoco_ros2_dummy_plugin'
[1.570s] INFO:colcon.colcon_core.package_selection:Skipping package 'mujoco_ros2_control' in 'ros_ws/src/multipanda_ros2/mujoco_ros_pkgs/mujoco_ros2_control'
[1.570s] INFO:colcon.colcon_core.package_selection:Skipping package 'xela_pybullet_viewer' in 'ros_ws/src/xela_models/xela_pybullet_viewer'
[1.570s] INFO:colcon.colcon_core.package_selection:Skipping package 'xela_point_cloud_representation' in 'ros_ws/src/xela_point_cloud_representation'
[1.570s] INFO:colcon.colcon_core.package_selection:Skipping package 'xela_data_collection' in 'ros_ws/src/xela_data_collection'
[1.570s] INFO:colcon.colcon_core.package_selection:Skipping package 'oculusTeleop' in 'ros_ws/src/xela_telelop/oculusTeleop'
[1.570s] INFO:colcon.colcon_core.package_selection:Skipping package 'multi_mode_control_msgs' in 'ros_ws/src/multipanda_ros2/franka_multi_mode_controller/multi_mode_control_msgs'
[1.570s] INFO:colcon.colcon_core.package_selection:Skipping package 'mujoco_ros' in 'ros_ws/src/multipanda_ros2/mujoco_ros_pkgs/mujoco_ros'
[1.570s] INFO:colcon.colcon_core.package_selection:Skipping package 'leap_to_leapXela' in 'ros_ws/src/leap_to_leapXela'
[1.570s] INFO:colcon.colcon_core.package_selection:Skipping package 'garmi_description' in 'ros_ws/src/multipanda_ros2/garmi_packages/garmi_description'
[1.570s] INFO:colcon.colcon_core.package_selection:Skipping package 'franka_gripper' in 'ros_ws/src/multipanda_ros2/franka_gripper'
[1.570s] INFO:colcon.colcon_core.package_selection:Skipping package 'franka_control2' in 'ros_ws/src/multipanda_ros2/franka_control2'
[1.570s] INFO:colcon.colcon_core.package_selection:Skipping package 'xela_server_ros2' in 'ros_ws/src/xela_server_ros2'
[1.570s] INFO:colcon.colcon_core.package_selection:Skipping package 'xela_models' in 'ros_ws/src/xela_models/xela_models'
[1.570s] INFO:colcon.colcon_core.package_selection:Skipping package 'tactile_ssl' in 'ros_ws/src/sparse_skin/sparsh-multisensory-touch'
[1.570s] INFO:colcon.colcon_core.package_selection:Skipping package 'panda_motion_generator_msgs' in 'ros_ws/src/multipanda_ros2/franka_multi_mode_controller/panda_motion_generator_msgs'
[1.570s] INFO:colcon.colcon_core.package_selection:Skipping package 'nano17' in 'ros_ws/src/nano17'
[1.570s] INFO:colcon.colcon_core.package_selection:Skipping package 'mujoco_ros_msgs' in 'ros_ws/src/multipanda_ros2/mujoco_ros_pkgs/mujoco_ros_msgs'
[1.570s] INFO:colcon.colcon_core.package_selection:Skipping package 'mujoco_c_example' in 'mujoco_c_example'
[1.570s] INFO:colcon.colcon_core.package_selection:Skipping package 'libfranka' in 'franka/libfranka'
[1.570s] INFO:colcon.colcon_core.package_selection:Skipping package 'libfranka' in 'libfranka'
[1.570s] INFO:colcon.colcon_core.package_selection:Skipping package 'leap_hand' in 'ros_ws/src/LEAP_Hand_API/ros2_module'
[1.570s] INFO:colcon.colcon_core.package_selection:Skipping package 'leap_description' in 'ros_ws/src/leap_description'
[1.570s] INFO:colcon.colcon_core.package_selection:Skipping package 'hello' in 'ros_ws/src/hello'
[1.570s] INFO:colcon.colcon_core.package_selection:Skipping package 'garmi_moveit_config' in 'ros_ws/src/multipanda_ros2/garmi_packages/garmi_moveit_config'
[1.570s] INFO:colcon.colcon_core.package_selection:Skipping package 'garmi_controllers' in 'ros_ws/src/multipanda_ros2/garmi_packages/garmi_controllers'
[1.570s] INFO:colcon.colcon_core.package_selection:Skipping package 'franka_simple_publishers' in 'ros_ws/src/multipanda_ros2/franka_simple_publishers'
[1.571s] INFO:colcon.colcon_core.package_selection:Skipping package 'franka_msgs' in 'ros_ws/src/multipanda_ros2/franka_msgs'
[1.571s] INFO:colcon.colcon_core.package_selection:Skipping package 'franka_description' in 'ros_ws/src/multipanda_ros2/franka_description'
[1.571s] INFO:colcon.colcon_core.package_selection:Skipping package 'dex_retargeting' in 'ros_ws/src/xela_telelop/dex_retargeting'
[1.571s] INFO:colcon.colcon_core.package_selection:Skipping package 'avp_stream' in 'teleop_xr/VisionProTeleop'
[1.572s] Level 1:colcon.colcon_core.package_discovery:discover_packages(prefix_path) check parameters
[1.572s] Level 1:colcon.colcon_core.package_discovery:discover_packages(prefix_path) discover
[1.578s] DEBUG:colcon.colcon_installed_package_information.package_discovery:Found 369 installed packages in /opt/ros/humble
[1.581s] Level 1:colcon.colcon_core.package_discovery:discover_packages(prefix_path) using defaults
[1.651s] Level 5:colcon.colcon_core.verb:set package 'xela_description' build argument 'cmake_args' from command line to 'None'
[1.651s] Level 5:colcon.colcon_core.verb:set package 'xela_description' build argument 'cmake_target' from command line to 'None'
[1.651s] Level 5:colcon.colcon_core.verb:set package 'xela_description' build argument 'cmake_target_skip_unavailable' from command line to 'False'
[1.651s] Level 5:colcon.colcon_core.verb:set package 'xela_description' build argument 'cmake_clean_cache' from command line to 'False'
[1.652s] Level 5:colcon.colcon_core.verb:set package 'xela_description' build argument 'cmake_clean_first' from command line to 'False'
[1.652s] Level 5:colcon.colcon_core.verb:set package 'xela_description' build argument 'cmake_force_configure' from command line to 'False'
[1.652s] Level 5:colcon.colcon_core.verb:set package 'xela_description' build argument 'ament_cmake_args' from command line to 'None'
[1.652s] Level 5:colcon.colcon_core.verb:set package 'xela_description' build argument 'catkin_cmake_args' from command line to 'None'
[1.652s] Level 5:colcon.colcon_core.verb:set package 'xela_description' build argument 'catkin_skip_building_tests' from command line to 'False'
[1.652s] DEBUG:colcon.colcon_core.verb:Building package 'xela_description' with the following arguments: {'ament_cmake_args': None, 'build_base': '/workspace/LeapXELA_Hardware_ws/build/xela_description', 'catkin_cmake_args': None, 'catkin_skip_building_tests': False, 'cmake_args': None, 'cmake_clean_cache': False, 'cmake_clean_first': False, 'cmake_force_configure': False, 'cmake_target': None, 'cmake_target_skip_unavailable': False, 'install_base': '/workspace/LeapXELA_Hardware_ws/install/xela_description', 'merge_install': False, 'path': '/workspace/LeapXELA_Hardware_ws/ros_ws/src/xela_description', 'symlink_install': False, 'test_result_base': None}
[1.652s] Level 5:colcon.colcon_core.verb:set package 'xela_sparshskin_sim' build argument 'cmake_args' from command line to 'None'
[1.652s] Level 5:colcon.colcon_core.verb:set package 'xela_sparshskin_sim' build argument 'cmake_target' from command line to 'None'
[1.652s] Level 5:colcon.colcon_core.verb:set package 'xela_sparshskin_sim' build argument 'cmake_target_skip_unavailable' from command line to 'False'
[1.652s] Level 5:colcon.colcon_core.verb:set package 'xela_sparshskin_sim' build argument 'cmake_clean_cache' from command line to 'False'
[1.652s] Level 5:colcon.colcon_core.verb:set package 'xela_sparshskin_sim' build argument 'cmake_clean_first' from command line to 'False'
[1.652s] Level 5:colcon.colcon_core.verb:set package 'xela_sparshskin_sim' build argument 'cmake_force_configure' from command line to 'False'
[1.652s] Level 5:colcon.colcon_core.verb:set package 'xela_sparshskin_sim' build argument 'ament_cmake_args' from command line to 'None'
[1.652s] Level 5:colcon.colcon_core.verb:set package 'xela_sparshskin_sim' build argument 'catkin_cmake_args' from command line to 'None'
[1.652s] Level 5:colcon.colcon_core.verb:set package 'xela_sparshskin_sim' build argument 'catkin_skip_building_tests' from command line to 'False'
[1.652s] DEBUG:colcon.colcon_core.verb:Building package 'xela_sparshskin_sim' with the following arguments: {'ament_cmake_args': None, 'build_base': '/workspace/LeapXELA_Hardware_ws/build/xela_sparshskin_sim', 'catkin_cmake_args': None, 'catkin_skip_building_tests': False, 'cmake_args': None, 'cmake_clean_cache': False, 'cmake_clean_first': False, 'cmake_force_configure': False, 'cmake_target': None, 'cmake_target_skip_unavailable': False, 'install_base': '/workspace/LeapXELA_Hardware_ws/install/xela_sparshskin_sim', 'merge_install': False, 'path': '/workspace/LeapXELA_Hardware_ws/ros_ws/src/sparse_skin/xela_sparshskin/xela_sparshskin_sim', 'symlink_install': False, 'test_result_base': None}
[1.653s] INFO:colcon.colcon_core.executor:Executing jobs using 'parallel' executor
[1.654s] DEBUG:colcon.colcon_parallel_executor.executor.parallel:run_until_complete
[1.655s] INFO:colcon.colcon_ros.task.ament_python.build:Building ROS package in '/workspace/LeapXELA_Hardware_ws/ros_ws/src/xela_description' with build type 'ament_python'
[1.655s] Level 1:colcon.colcon_core.shell:create_environment_hook('xela_description', 'ament_prefix_path')
[1.661s] INFO:colcon.colcon_core.plugin_system:Skipping extension 'colcon_core.shell.bat': Not used on non-Windows systems
[1.661s] INFO:colcon.colcon_core.shell:Creating environment hook '/workspace/LeapXELA_Hardware_ws/install/xela_description/share/xela_description/hook/ament_prefix_path.ps1'
[1.663s] INFO:colcon.colcon_core.shell:Creating environment descriptor '/workspace/LeapXELA_Hardware_ws/install/xela_description/share/xela_description/hook/ament_prefix_path.dsv'
[1.664s] INFO:colcon.colcon_core.shell:Creating environment hook '/workspace/LeapXELA_Hardware_ws/install/xela_description/share/xela_description/hook/ament_prefix_path.sh'
[1.665s] INFO:colcon.colcon_core.shell:Skip shell extension 'powershell' for command environment: Not usable outside of PowerShell
[1.665s] DEBUG:colcon.colcon_core.shell:Skip shell extension 'dsv' for command environment
[2.062s] INFO:colcon.colcon_core.task.python.build:Building Python package in '/workspace/LeapXELA_Hardware_ws/ros_ws/src/xela_description'
[2.062s] INFO:colcon.colcon_core.shell:Skip shell extension 'powershell' for command environment: Not usable outside of PowerShell
[2.062s] DEBUG:colcon.colcon_core.shell:Skip shell extension 'dsv' for command environment
[2.913s] DEBUG:colcon.colcon_core.event_handler.log_command:Invoking command in '/workspace/LeapXELA_Hardware_ws/ros_ws/src/xela_description': PYTHONPATH=/workspace/LeapXELA_Hardware_ws/build/xela_description/prefix_override:/usr/lib/python3/dist-packages/colcon_core/task/python/colcon_distutils_commands:/workspace/LeapXELA_Hardware_ws/install/xela_description/lib/python3.10/site-packages:${PYTHONPATH} /usr/bin/python3 -W ignore:setup.py install is deprecated -W ignore:easy_install command is deprecated setup.py egg_info --egg-base ../../../build/xela_description build --build-base /workspace/LeapXELA_Hardware_ws/build/xela_description/build install --record /workspace/LeapXELA_Hardware_ws/build/xela_description/install.log --single-version-externally-managed install_data
[3.977s] DEBUG:colcon.colcon_core.event_handler.log_command:Invoked command in '/workspace/LeapXELA_Hardware_ws/ros_ws/src/xela_description' returned '0': PYTHONPATH=/workspace/LeapXELA_Hardware_ws/build/xela_description/prefix_override:/usr/lib/python3/dist-packages/colcon_core/task/python/colcon_distutils_commands:/workspace/LeapXELA_Hardware_ws/install/xela_description/lib/python3.10/site-packages:${PYTHONPATH} /usr/bin/python3 -W ignore:setup.py install is deprecated -W ignore:easy_install command is deprecated setup.py egg_info --egg-base ../../../build/xela_description build --build-base /workspace/LeapXELA_Hardware_ws/build/xela_description/build install --record /workspace/LeapXELA_Hardware_ws/build/xela_description/install.log --single-version-externally-managed install_data
[3.987s] Level 1:colcon.colcon_core.environment:checking '/workspace/LeapXELA_Hardware_ws/install/xela_description' for CMake module files
[3.989s] Level 1:colcon.colcon_core.environment:checking '/workspace/LeapXELA_Hardware_ws/install/xela_description' for CMake config files
[3.991s] Level 1:colcon.colcon_core.environment:checking '/workspace/LeapXELA_Hardware_ws/install/xela_description/lib'
[3.992s] Level 1:colcon.colcon_core.environment:checking '/workspace/LeapXELA_Hardware_ws/install/xela_description/bin'
[3.992s] Level 1:colcon.colcon_core.environment:checking '/workspace/LeapXELA_Hardware_ws/install/xela_description/lib/pkgconfig/xela_description.pc'
[3.993s] Level 1:colcon.colcon_core.environment:checking '/workspace/LeapXELA_Hardware_ws/install/xela_description/lib/python3.10/site-packages'
[3.993s] Level 1:colcon.colcon_core.shell:create_environment_hook('xela_description', 'pythonpath')
[3.993s] INFO:colcon.colcon_core.shell:Creating environment hook '/workspace/LeapXELA_Hardware_ws/install/xela_description/share/xela_description/hook/pythonpath.ps1'
[3.995s] INFO:colcon.colcon_core.shell:Creating environment descriptor '/workspace/LeapXELA_Hardware_ws/install/xela_description/share/xela_description/hook/pythonpath.dsv'
[3.995s] INFO:colcon.colcon_core.shell:Creating environment hook '/workspace/LeapXELA_Hardware_ws/install/xela_description/share/xela_description/hook/pythonpath.sh'
[3.997s] Level 1:colcon.colcon_core.environment:checking '/workspace/LeapXELA_Hardware_ws/install/xela_description/bin'
[3.997s] Level 1:colcon.colcon_core.environment:create_environment_scripts_only(xela_description)
[3.998s] INFO:colcon.colcon_core.shell:Creating package script '/workspace/LeapXELA_Hardware_ws/install/xela_description/share/xela_description/package.ps1'
[4.001s] INFO:colcon.colcon_core.shell:Creating package descriptor '/workspace/LeapXELA_Hardware_ws/install/xela_description/share/xela_description/package.dsv'
[4.003s] INFO:colcon.colcon_core.shell:Creating package script '/workspace/LeapXELA_Hardware_ws/install/xela_description/share/xela_description/package.sh'
[4.005s] INFO:colcon.colcon_core.shell:Creating package script '/workspace/LeapXELA_Hardware_ws/install/xela_description/share/xela_description/package.bash'
[4.008s] INFO:colcon.colcon_core.shell:Creating package script '/workspace/LeapXELA_Hardware_ws/install/xela_description/share/xela_description/package.zsh'
[4.010s] Level 1:colcon.colcon_core.environment:create_file_with_runtime_dependencies(/workspace/LeapXELA_Hardware_ws/install/xela_description/share/colcon-core/packages/xela_description)
[4.011s] INFO:colcon.colcon_ros.task.ament_cmake.build:Building ROS package in '/workspace/LeapXELA_Hardware_ws/ros_ws/src/sparse_skin/xela_sparshskin/xela_sparshskin_sim' with build type 'ament_cmake'
[4.011s] INFO:colcon.colcon_cmake.task.cmake.build:Building CMake package in '/workspace/LeapXELA_Hardware_ws/ros_ws/src/sparse_skin/xela_sparshskin/xela_sparshskin_sim'
[4.012s] INFO:colcon.colcon_core.shell:Skip shell extension 'powershell' for command environment: Not usable outside of PowerShell
[4.012s] DEBUG:colcon.colcon_core.shell:Skip shell extension 'dsv' for command environment
[4.032s] DEBUG:colcon.colcon_core.event_handler.log_command:Invoking command in '/workspace/LeapXELA_Hardware_ws/build/xela_sparshskin_sim': AMENT_PREFIX_PATH=/workspace/LeapXELA_Hardware_ws/install/xela_description:${AMENT_PREFIX_PATH} CMAKE_PREFIX_PATH=${CMAKE_PREFIX_PATH}:/opt/ros/humble PYTHONPATH=/workspace/LeapXELA_Hardware_ws/install/xela_description/lib/python3.10/site-packages:/opt/ros/humble/lib/python3.10/site-packages:/opt/ros/humble/local/lib/python3.10/dist-packages:/usr/local/lib /usr/bin/cmake /workspace/LeapXELA_Hardware_ws/ros_ws/src/sparse_skin/xela_sparshskin/xela_sparshskin_sim -DCMAKE_INSTALL_PREFIX=/workspace/LeapXELA_Hardware_ws/install/xela_sparshskin_sim
[8.949s] DEBUG:colcon.colcon_core.event_handler.log_command:Invoked command in '/workspace/LeapXELA_Hardware_ws/build/xela_sparshskin_sim' returned '0': AMENT_PREFIX_PATH=/workspace/LeapXELA_Hardware_ws/install/xela_description:${AMENT_PREFIX_PATH} CMAKE_PREFIX_PATH=${CMAKE_PREFIX_PATH}:/opt/ros/humble PYTHONPATH=/workspace/LeapXELA_Hardware_ws/install/xela_description/lib/python3.10/site-packages:/opt/ros/humble/lib/python3.10/site-packages:/opt/ros/humble/local/lib/python3.10/dist-packages:/usr/local/lib /usr/bin/cmake /workspace/LeapXELA_Hardware_ws/ros_ws/src/sparse_skin/xela_sparshskin/xela_sparshskin_sim -DCMAKE_INSTALL_PREFIX=/workspace/LeapXELA_Hardware_ws/install/xela_sparshskin_sim
[8.953s] DEBUG:colcon.colcon_core.event_handler.log_command:Invoking command in '/workspace/LeapXELA_Hardware_ws/build/xela_sparshskin_sim': AMENT_PREFIX_PATH=/workspace/LeapXELA_Hardware_ws/install/xela_description:${AMENT_PREFIX_PATH} CMAKE_PREFIX_PATH=${CMAKE_PREFIX_PATH}:/opt/ros/humble PYTHONPATH=/workspace/LeapXELA_Hardware_ws/install/xela_description/lib/python3.10/site-packages:/opt/ros/humble/lib/python3.10/site-packages:/opt/ros/humble/local/lib/python3.10/dist-packages:/usr/local/lib /usr/bin/cmake --build /workspace/LeapXELA_Hardware_ws/build/xela_sparshskin_sim -- -j16 -l16
[25.569s] DEBUG:colcon.colcon_core.event_handler.log_command:Invoked command in '/workspace/LeapXELA_Hardware_ws/build/xela_sparshskin_sim' returned '0': AMENT_PREFIX_PATH=/workspace/LeapXELA_Hardware_ws/install/xela_description:${AMENT_PREFIX_PATH} CMAKE_PREFIX_PATH=${CMAKE_PREFIX_PATH}:/opt/ros/humble PYTHONPATH=/workspace/LeapXELA_Hardware_ws/install/xela_description/lib/python3.10/site-packages:/opt/ros/humble/lib/python3.10/site-packages:/opt/ros/humble/local/lib/python3.10/dist-packages:/usr/local/lib /usr/bin/cmake --build /workspace/LeapXELA_Hardware_ws/build/xela_sparshskin_sim -- -j16 -l16
[25.588s] DEBUG:colcon.colcon_core.event_handler.log_command:Invoking command in '/workspace/LeapXELA_Hardware_ws/build/xela_sparshskin_sim': AMENT_PREFIX_PATH=/workspace/LeapXELA_Hardware_ws/install/xela_description:${AMENT_PREFIX_PATH} CMAKE_PREFIX_PATH=${CMAKE_PREFIX_PATH}:/opt/ros/humble PYTHONPATH=/workspace/LeapXELA_Hardware_ws/install/xela_description/lib/python3.10/site-packages:/opt/ros/humble/lib/python3.10/site-packages:/opt/ros/humble/local/lib/python3.10/dist-packages:/usr/local/lib /usr/bin/cmake --install /workspace/LeapXELA_Hardware_ws/build/xela_sparshskin_sim
[25.711s] Level 1:colcon.colcon_core.environment:create_environment_scripts_only(xela_sparshskin_sim)
[25.712s] Level 1:colcon.colcon_core.environment:checking '/workspace/LeapXELA_Hardware_ws/install/xela_sparshskin_sim' for CMake module files
[25.713s] DEBUG:colcon.colcon_core.event_handler.log_command:Invoked command in '/workspace/LeapXELA_Hardware_ws/build/xela_sparshskin_sim' returned '0': AMENT_PREFIX_PATH=/workspace/LeapXELA_Hardware_ws/install/xela_description:${AMENT_PREFIX_PATH} CMAKE_PREFIX_PATH=${CMAKE_PREFIX_PATH}:/opt/ros/humble PYTHONPATH=/workspace/LeapXELA_Hardware_ws/install/xela_description/lib/python3.10/site-packages:/opt/ros/humble/lib/python3.10/site-packages:/opt/ros/humble/local/lib/python3.10/dist-packages:/usr/local/lib /usr/bin/cmake --install /workspace/LeapXELA_Hardware_ws/build/xela_sparshskin_sim
[25.714s] Level 1:colcon.colcon_core.environment:checking '/workspace/LeapXELA_Hardware_ws/install/xela_sparshskin_sim' for CMake config files
[25.714s] Level 1:colcon.colcon_core.shell:create_environment_hook('xela_sparshskin_sim', 'cmake_prefix_path')
[25.715s] INFO:colcon.colcon_core.shell:Creating environment hook '/workspace/LeapXELA_Hardware_ws/install/xela_sparshskin_sim/share/xela_sparshskin_sim/hook/cmake_prefix_path.ps1'
[25.715s] INFO:colcon.colcon_core.shell:Creating environment descriptor '/workspace/LeapXELA_Hardware_ws/install/xela_sparshskin_sim/share/xela_sparshskin_sim/hook/cmake_prefix_path.dsv'
[25.716s] INFO:colcon.colcon_core.shell:Creating environment hook '/workspace/LeapXELA_Hardware_ws/install/xela_sparshskin_sim/share/xela_sparshskin_sim/hook/cmake_prefix_path.sh'
[25.717s] Level 1:colcon.colcon_core.environment:checking '/workspace/LeapXELA_Hardware_ws/install/xela_sparshskin_sim/lib'
[25.717s] Level 1:colcon.colcon_core.shell:create_environment_hook('xela_sparshskin_sim', 'ld_library_path_lib')
[25.717s] INFO:colcon.colcon_core.shell:Creating environment hook '/workspace/LeapXELA_Hardware_ws/install/xela_sparshskin_sim/share/xela_sparshskin_sim/hook/ld_library_path_lib.ps1'
[25.718s] INFO:colcon.colcon_core.shell:Creating environment descriptor '/workspace/LeapXELA_Hardware_ws/install/xela_sparshskin_sim/share/xela_sparshskin_sim/hook/ld_library_path_lib.dsv'
[25.718s] INFO:colcon.colcon_core.shell:Creating environment hook '/workspace/LeapXELA_Hardware_ws/install/xela_sparshskin_sim/share/xela_sparshskin_sim/hook/ld_library_path_lib.sh'
[25.719s] Level 1:colcon.colcon_core.environment:checking '/workspace/LeapXELA_Hardware_ws/install/xela_sparshskin_sim/bin'
[25.719s] Level 1:colcon.colcon_core.environment:checking '/workspace/LeapXELA_Hardware_ws/install/xela_sparshskin_sim/lib/pkgconfig/xela_sparshskin_sim.pc'
[25.719s] Level 1:colcon.colcon_core.environment:checking '/workspace/LeapXELA_Hardware_ws/install/xela_sparshskin_sim/lib/python3.10/site-packages'
[25.720s] Level 1:colcon.colcon_core.environment:checking '/workspace/LeapXELA_Hardware_ws/install/xela_sparshskin_sim/bin'
[25.720s] INFO:colcon.colcon_core.shell:Creating package script '/workspace/LeapXELA_Hardware_ws/install/xela_sparshskin_sim/share/xela_sparshskin_sim/package.ps1'
[25.721s] INFO:colcon.colcon_core.shell:Creating package descriptor '/workspace/LeapXELA_Hardware_ws/install/xela_sparshskin_sim/share/xela_sparshskin_sim/package.dsv'
[25.722s] INFO:colcon.colcon_core.shell:Creating package script '/workspace/LeapXELA_Hardware_ws/install/xela_sparshskin_sim/share/xela_sparshskin_sim/package.sh'
[25.722s] INFO:colcon.colcon_core.shell:Creating package script '/workspace/LeapXELA_Hardware_ws/install/xela_sparshskin_sim/share/xela_sparshskin_sim/package.bash'
[25.723s] INFO:colcon.colcon_core.shell:Creating package script '/workspace/LeapXELA_Hardware_ws/install/xela_sparshskin_sim/share/xela_sparshskin_sim/package.zsh'
[25.724s] Level 1:colcon.colcon_core.environment:create_file_with_runtime_dependencies(/workspace/LeapXELA_Hardware_ws/install/xela_sparshskin_sim/share/colcon-core/packages/xela_sparshskin_sim)
[25.725s] Level 1:colcon.colcon_core.environment:create_environment_scripts_only(xela_sparshskin_sim)
[25.725s] Level 1:colcon.colcon_core.environment:checking '/workspace/LeapXELA_Hardware_ws/install/xela_sparshskin_sim' for CMake module files
[25.726s] Level 1:colcon.colcon_core.environment:checking '/workspace/LeapXELA_Hardware_ws/install/xela_sparshskin_sim' for CMake config files
[25.727s] Level 1:colcon.colcon_core.shell:create_environment_hook('xela_sparshskin_sim', 'cmake_prefix_path')
[25.727s] INFO:colcon.colcon_core.shell:Creating environment hook '/workspace/LeapXELA_Hardware_ws/install/xela_sparshskin_sim/share/xela_sparshskin_sim/hook/cmake_prefix_path.ps1'
[25.728s] INFO:colcon.colcon_core.shell:Creating environment descriptor '/workspace/LeapXELA_Hardware_ws/install/xela_sparshskin_sim/share/xela_sparshskin_sim/hook/cmake_prefix_path.dsv'
[25.728s] INFO:colcon.colcon_core.shell:Creating environment hook '/workspace/LeapXELA_Hardware_ws/install/xela_sparshskin_sim/share/xela_sparshskin_sim/hook/cmake_prefix_path.sh'
[25.729s] Level 1:colcon.colcon_core.environment:checking '/workspace/LeapXELA_Hardware_ws/install/xela_sparshskin_sim/lib'
[25.729s] Level 1:colcon.colcon_core.shell:create_environment_hook('xela_sparshskin_sim', 'ld_library_path_lib')
[25.730s] INFO:colcon.colcon_core.shell:Creating environment hook '/workspace/LeapXELA_Hardware_ws/install/xela_sparshskin_sim/share/xela_sparshskin_sim/hook/ld_library_path_lib.ps1'
[25.730s] INFO:colcon.colcon_core.shell:Creating environment descriptor '/workspace/LeapXELA_Hardware_ws/install/xela_sparshskin_sim/share/xela_sparshskin_sim/hook/ld_library_path_lib.dsv'
[25.731s] INFO:colcon.colcon_core.shell:Creating environment hook '/workspace/LeapXELA_Hardware_ws/install/xela_sparshskin_sim/share/xela_sparshskin_sim/hook/ld_library_path_lib.sh'
[25.731s] Level 1:colcon.colcon_core.environment:checking '/workspace/LeapXELA_Hardware_ws/install/xela_sparshskin_sim/bin'
[25.731s] Level 1:colcon.colcon_core.environment:checking '/workspace/LeapXELA_Hardware_ws/install/xela_sparshskin_sim/lib/pkgconfig/xela_sparshskin_sim.pc'
[25.732s] Level 1:colcon.colcon_core.environment:checking '/workspace/LeapXELA_Hardware_ws/install/xela_sparshskin_sim/lib/python3.10/site-packages'
[25.732s] Level 1:colcon.colcon_core.environment:checking '/workspace/LeapXELA_Hardware_ws/install/xela_sparshskin_sim/bin'
[25.733s] INFO:colcon.colcon_core.shell:Creating package script '/workspace/LeapXELA_Hardware_ws/install/xela_sparshskin_sim/share/xela_sparshskin_sim/package.ps1'
[25.734s] INFO:colcon.colcon_core.shell:Creating package descriptor '/workspace/LeapXELA_Hardware_ws/install/xela_sparshskin_sim/share/xela_sparshskin_sim/package.dsv'
[25.734s] INFO:colcon.colcon_core.shell:Creating package script '/workspace/LeapXELA_Hardware_ws/install/xela_sparshskin_sim/share/xela_sparshskin_sim/package.sh'
[25.735s] INFO:colcon.colcon_core.shell:Creating package script '/workspace/LeapXELA_Hardware_ws/install/xela_sparshskin_sim/share/xela_sparshskin_sim/package.bash'
[25.736s] INFO:colcon.colcon_core.shell:Creating package script '/workspace/LeapXELA_Hardware_ws/install/xela_sparshskin_sim/share/xela_sparshskin_sim/package.zsh'
[25.737s] Level 1:colcon.colcon_core.environment:create_file_with_runtime_dependencies(/workspace/LeapXELA_Hardware_ws/install/xela_sparshskin_sim/share/colcon-core/packages/xela_sparshskin_sim)
[25.737s] DEBUG:colcon.colcon_parallel_executor.executor.parallel:closing loop
[25.737s] DEBUG:colcon.colcon_parallel_executor.executor.parallel:loop closed
[25.738s] DEBUG:colcon.colcon_parallel_executor.executor.parallel:run_until_complete finished with '0'
[25.738s] DEBUG:colcon.colcon_core.event_reactor:joining thread
[25.761s] INFO:colcon.colcon_core.plugin_system:Skipping extension 'colcon_notification.desktop_notification.notify_send': Could not find 'notify-send'
[25.762s] INFO:colcon.colcon_core.plugin_system:Skipping extension 'colcon_notification.desktop_notification.terminal_notifier': Not used on non-Darwin systems
[25.762s] INFO:colcon.colcon_core.plugin_system:Skipping extension 'colcon_notification.desktop_notification.win32': Not used on non-Windows systems
[25.762s] INFO:colcon.colcon_notification.desktop_notification:Sending desktop notification using 'notify2'
[25.766s] DEBUG:colcon.colcon_notification.desktop_notification.notify2:Failed to initialize notify2: org.freedesktop.DBus.Error.Spawn.ExecFailed: /usr/bin/dbus-launch terminated abnormally without any error message
[25.766s] DEBUG:colcon.colcon_core.event_reactor:joined thread
[25.767s] INFO:colcon.colcon_core.shell:Creating prefix script '/workspace/LeapXELA_Hardware_ws/install/local_setup.ps1'
[25.769s] INFO:colcon.colcon_core.shell:Creating prefix util module '/workspace/LeapXELA_Hardware_ws/install/_local_setup_util_ps1.py'
[25.772s] INFO:colcon.colcon_core.shell:Creating prefix chain script '/workspace/LeapXELA_Hardware_ws/install/setup.ps1'
[25.775s] INFO:colcon.colcon_core.shell:Creating prefix script '/workspace/LeapXELA_Hardware_ws/install/local_setup.sh'
[25.776s] INFO:colcon.colcon_core.shell:Creating prefix util module '/workspace/LeapXELA_Hardware_ws/install/_local_setup_util_sh.py'
[25.777s] INFO:colcon.colcon_core.shell:Creating prefix chain script '/workspace/LeapXELA_Hardware_ws/install/setup.sh'
[25.780s] INFO:colcon.colcon_core.shell:Creating prefix script '/workspace/LeapXELA_Hardware_ws/install/local_setup.bash'
[25.781s] INFO:colcon.colcon_core.shell:Creating prefix chain script '/workspace/LeapXELA_Hardware_ws/install/setup.bash'
[25.783s] INFO:colcon.colcon_core.shell:Creating prefix script '/workspace/LeapXELA_Hardware_ws/install/local_setup.zsh'
[25.785s] INFO:colcon.colcon_core.shell:Creating prefix chain script '/workspace/LeapXELA_Hardware_ws/install/setup.zsh'
